Unnamed: 0,Team,Opponent,Venue,ForAgainst,Red_Cards,Corner_Kicks,Fouls_Commited,Yellow_Cards,Shots,Goal_Kicks,Throw_Ins,Tackles,First_Half_Yellow_Cards,SoT,Offsides,Round,Season
0,PAS Lamia 1964,Panathinaikos,Home,For,0,3,19,3,13,7,18,14,0,5,4,Gameweek 10,2024
1,PAS Lamia 1964,Panathinaikos,Home,Against,1,3,15,6,10,6,20,20,1,6,1,Gameweek 10,2024
2,Panathinaikos,PAS Lamia 1964,Away,For,1,3,15,6,10,6,20,20,1,6,1,Gameweek 10,2024
3,Panathinaikos,PAS Lamia 1964,Away,Against,0,3,19,3,13,7,18,14,0,5,4,Gameweek 10,2024
4,A.E. Kifisia FC,AEK Athens,Home,For,0,5,10,2,6,12,26,18,1,2,1,Gameweek 10,2024
5,A.E. Kifisia FC,AEK Athens,Home,Against,0,8,13,2,18,7,30,12,1,6,3,Gameweek 10,2024
6,AEK Athens,A.E. Kifisia FC,Away,For,0,8,13,2,18,7,30,12,1,6,3,Gameweek 10,2024
7,AEK Athens,A.E. Kifisia FC,Away,Against,0,5,10,2,6,12,26,18,1,2,1,Gameweek 10,2024
8,Panetolikos,Asteras Tripolis,Home,For,0,8,23,6,21,2,17,8,3,4,1,Gameweek 10,2024
9,Panetolikos,Asteras Tripolis,Home,Against,1,3,12,5,6,9,19,8,2,3,0,Gameweek 10,2024
10,Asteras Tripolis,Panetolikos,Away,For,1,3,12,5,6,9,19,8,2,3,0,Gameweek 10,2024
11,Asteras Tripolis,Panetolikos,Away,Against,0,8,23,6,21,2,17,8,3,4,1,Gameweek 10,2024
12,PAS Giannina,Volos NFC,Home,For,0,4,23,5,12,14,18,18,2,3,3,Gameweek 10,2024
13,PAS Giannina,Volos NFC,Home,Against,0,7,14,2,13,8,18,19,1,3,1,Gameweek 10,2024
14,Volos NFC,PAS Giannina,Away,For,0,7,14,2,13,8,18,19,1,3,1,Gameweek 10,2024
15,Volos NFC,PAS Giannina,Away,Against,0,4,23,5,12,14,18,18,2,3,3,Gameweek 10,2024
16,Olympiacos FC,PAOK,Home,For,0,7,16,3,13,6,29,15,1,6,8,Gameweek 10,2024
17,Olympiacos FC,PAOK,Home,Against,0,2,10,2,11,7,16,17,0,5,2,Gameweek 10,2024
18,PAOK,Olympiacos FC,Away,For,0,2,10,2,11,7,16,17,0,5,2,Gameweek 10,2024
19,PAOK,Olympiacos FC,Away,Against,0,7,16,3,13,6,29,15,1,6,8,Gameweek 10,2024
20,Aris Thessaloniki,Atromitos Athens,Home,For,0,9,15,3,23,5,23,8,0,5,3,Gameweek 10,2024
21,Aris Thessaloniki,Atromitos Athens,Home,Against,0,2,18,4,7,10,23,16,2,5,1,Gameweek 10,2024
22,Atromitos Athens,Aris Thessaloniki,Away,For,0,2,18,4,7,10,23,16,2,5,1,Gameweek 10,2024
23,Atromitos Athens,Aris Thessaloniki,Away,Against,0,9,15,3,23,5,23,8,0,5,3,Gameweek 10,2024
24,Panserraikos,OFI Crete,Home,For,0,4,18,3,10,8,22,13,1,5,1,Gameweek 10,2024
25,Panserraikos,OFI Crete,Home,Against,0,4,14,4,11,6,15,13,2,3,2,Gameweek 10,2024
26,OFI Crete,Panserraikos,Away,For,0,4,14,4,11,6,15,13,2,3,2,Gameweek 10,2024
27,OFI Crete,Panserraikos,Away,Against,0,4,18,3,10,8,22,13,1,5,1,Gameweek 10,2024
0,OFI Crete,PAS Giannina,Home,For,0,1,16,2,12,8,12,13,0,4,2,Gameweek 11,2024
1,OFI Crete,PAS Giannina,Home,Against,0,4,16,2,16,9,16,18,1,6,2,Gameweek 11,2024
2,PAS Giannina,OFI Crete,Away,For,0,4,16,2,16,9,16,18,1,6,2,Gameweek 11,2024
3,PAS Giannina,OFI Crete,Away,Against,0,1,16,2,12,8,12,13,0,4,2,Gameweek 11,2024
4,Atromitos Athens,Panserraikos,Home,For,0,5,21,4,10,5,30,6,0,3,2,Gameweek 11,2024
5,Atromitos Athens,Panserraikos,Home,Against,0,1,21,4,7,5,19,10,0,2,1,Gameweek 11,2024
6,Panserraikos,Atromitos Athens,Away,For,0,1,21,4,7,5,19,10,0,2,1,Gameweek 11,2024
7,Panserraikos,Atromitos Athens,Away,Against,0,5,21,4,10,5,30,6,0,3,2,Gameweek 11,2024
8,Volos NFC,Aris Thessaloniki,Home,For,0,5,11,4,13,6,21,13,3,4,3,Gameweek 11,2024
9,Volos NFC,Aris Thessaloniki,Home,Against,0,7,19,2,7,6,26,10,1,3,1,Gameweek 11,2024
10,Aris Thessaloniki,Volos NFC,Away,For,0,7,19,2,7,6,26,10,1,3,1,Gameweek 11,2024
11,Aris Thessaloniki,Volos NFC,Away,Against,0,5,11,4,13,6,21,13,3,4,3,Gameweek 11,2024
12,PAOK,Panetolikos,Home,For,0,4,7,2,11,5,22,9,1,2,3,Gameweek 11,2024
13,PAOK,Panetolikos,Home,Against,0,1,15,3,7,8,14,14,2,2,1,Gameweek 11,2024
14,Panetolikos,PAOK,Away,For,0,1,15,3,7,8,14,14,2,2,1,Gameweek 11,2024
15,Panetolikos,PAOK,Away,Against,0,4,7,2,11,5,22,9,1,2,3,Gameweek 11,2024
16,AEK Athens,PAS Lamia 1964,Home,For,0,4,15,3,12,6,20,21,0,5,0,Gameweek 11,2024
17,AEK Athens,PAS Lamia 1964,Home,Against,0,4,15,3,4,7,16,14,1,0,1,Gameweek 11,2024
18,PAS Lamia 1964,AEK Athens,Away,For,0,4,15,3,4,7,16,14,1,0,1,Gameweek 11,2024
19,PAS Lamia 1964,AEK Athens,Away,Against,0,4,15,3,12,6,20,21,0,5,0,Gameweek 11,2024
20,Asteras Tripolis,Olympiacos FC,Home,For,0,2,7,3,6,10,22,12,0,2,5,Gameweek 11,2024
21,Asteras Tripolis,Olympiacos FC,Home,Against,0,5,16,0,10,6,18,16,0,3,4,Gameweek 11,2024
22,Olympiacos FC,Asteras Tripolis,Away,For,0,5,16,0,10,6,18,16,0,3,4,Gameweek 11,2024
23,Olympiacos FC,Asteras Tripolis,Away,Against,0,2,7,3,6,10,22,12,0,2,5,Gameweek 11,2024
24,A.E. Kifisia FC,Panathinaikos,Home,For,0,0,13,1,3,11,18,10,0,1,3,Gameweek 11,2024
25,A.E. Kifisia FC,Panathinaikos,Home,Against,0,8,17,3,15,3,34,16,1,6,3,Gameweek 11,2024
26,Panathinaikos,A.E. Kifisia FC,Away,For,0,8,17,3,15,3,34,16,1,6,3,Gameweek 11,2024
27,Panathinaikos,A.E. Kifisia FC,Away,Against,0,0,13,1,3,11,18,10,0,1,3,Gameweek 11,2024
0,OFI Crete,Volos NFC,Home,For,0,6,10,3,18,7,32,17,2,5,8,Gameweek 12,2024
1,OFI Crete,Volos NFC,Home,Against,1,2,17,5,11,9,17,16,3,3,3,Gameweek 12,2024
2,Volos NFC,OFI Crete,Away,For,1,2,17,5,11,9,17,16,3,3,3,Gameweek 12,2024
3,Volos NFC,OFI Crete,Away,Against,0,6,10,3,18,7,32,17,2,5,8,Gameweek 12,2024
4,Olympiacos FC,Panetolikos,Home,For,0,3,18,3,13,6,23,16,1,4,2,Gameweek 12,2024
5,Olympiacos FC,Panetolikos,Home,Against,0,2,15,1,10,6,16,10,0,4,0,Gameweek 12,2024
6,Panetolikos,Olympiacos FC,Away,For,0,2,15,1,10,6,16,10,0,4,0,Gameweek 12,2024
7,Panetolikos,Olympiacos FC,Away,Against,0,3,18,3,13,6,23,16,1,4,2,Gameweek 12,2024
8,PAOK,Panserraikos,Home,For,0,8,6,0,13,6,22,8,0,8,0,Gameweek 12,2024
9,PAOK,Panserraikos,Home,Against,0,3,9,0,8,4,14,7,0,0,0,Gameweek 12,2024
10,Panserraikos,PAOK,Away,For,0,3,9,0,8,4,14,7,0,0,0,Gameweek 12,2024
11,Panserraikos,PAOK,Away,Against,0,8,6,0,13,6,22,8,0,8,0,Gameweek 12,2024
12,A.E. Kifisia FC,Asteras Tripolis,Home,For,0,7,16,2,19,4,28,18,1,5,4,Gameweek 12,2024
13,A.E. Kifisia FC,Asteras Tripolis,Home,Against,0,2,15,2,7,11,20,20,1,4,2,Gameweek 12,2024
14,Asteras Tripolis,A.E. Kifisia FC,Away,For,0,2,15,2,7,11,20,20,1,4,2,Gameweek 12,2024
15,Asteras Tripolis,A.E. Kifisia FC,Away,Against,0,7,16,2,19,4,28,18,1,5,4,Gameweek 12,2024
16,PAS Giannina,AEK Athens,Home,For,0,3,12,3,8,13,23,18,0,3,3,Gameweek 12,2024
17,PAS Giannina,AEK Athens,Home,Against,0,6,13,1,22,5,31,13,0,7,1,Gameweek 12,2024
18,AEK Athens,PAS Giannina,Away,For,0,6,13,1,22,5,31,13,0,7,1,Gameweek 12,2024
19,AEK Athens,PAS Giannina,Away,Against,0,3,12,3,8,13,23,18,0,3,3,Gameweek 12,2024
20,PAS Lamia 1964,Atromitos Athens,Home,For,0,3,14,4,13,6,23,13,1,7,3,Gameweek 12,2024
21,PAS Lamia 1964,Atromitos Athens,Home,Against,0,8,17,3,15,8,17,13,1,6,0,Gameweek 12,2024
22,Atromitos Athens,PAS Lamia 1964,Away,For,0,8,17,3,15,8,17,13,1,6,0,Gameweek 12,2024
23,Atromitos Athens,PAS Lamia 1964,Away,Against,0,3,14,4,13,6,23,13,1,7,3,Gameweek 12,2024
24,Aris Thessaloniki,Panathinaikos,Home,For,0,1,18,3,10,6,8,32,0,5,2,Gameweek 12,2024
25,Aris Thessaloniki,Panathinaikos,Home,Against,0,9,11,1,15,4,25,20,0,8,0,Gameweek 12,2024
26,Panathinaikos,Aris Thessaloniki,Away,For,0,9,11,1,15,4,25,20,0,8,0,Gameweek 12,2024
27,Panathinaikos,Aris Thessaloniki,Away,Against,0,1,18,3,10,6,8,32,0,5,2,Gameweek 12,2024
0,Panetolikos,A.E. Kifisia FC,Home,For,0,5,18,2,16,3,14,18,1,9,1,Gameweek 13,2024
1,Panetolikos,A.E. Kifisia FC,Home,Against,0,6,17,5,7,8,24,16,2,3,3,Gameweek 13,2024
2,A.E. Kifisia FC,Panetolikos,Away,For,0,6,17,5,7,8,24,16,2,3,3,Gameweek 13,2024
3,A.E. Kifisia FC,Panetolikos,Away,Against,0,5,18,2,16,3,14,18,1,9,1,Gameweek 13,2024
4,Asteras Tripolis,Panserraikos,Home,For,0,5,17,4,8,18,10,9,1,2,1,Gameweek 13,2024
5,Asteras Tripolis,Panserraikos,Home,Against,0,3,12,4,18,9,18,9,1,4,0,Gameweek 13,2024
6,Panserraikos,Asteras Tripolis,Away,For,0,3,12,4,18,9,18,9,1,4,0,Gameweek 13,2024
7,Panserraikos,Asteras Tripolis,Away,Against,0,5,17,4,8,18,10,9,1,2,1,Gameweek 13,2024
8,Volos NFC,Olympiacos FC,Home,For,1,2,17,7,10,9,16,7,3,4,1,Gameweek 13,2024
9,Volos NFC,Olympiacos FC,Home,Against,1,6,10,3,11,4,27,15,1,3,2,Gameweek 13,2024
10,Olympiacos FC,Volos NFC,Away,For,1,6,10,3,11,4,27,15,1,3,2,Gameweek 13,2024
11,Olympiacos FC,Volos NFC,Away,Against,1,2,17,7,10,9,16,7,3,4,1,Gameweek 13,2024
12,Atromitos Athens,PAS Giannina,Home,For,0,2,16,4,14,4,37,9,0,5,2,Gameweek 13,2024
13,Atromitos Athens,PAS Giannina,Home,Against,0,2,7,2,10,8,21,19,1,3,3,Gameweek 13,2024
14,PAS Giannina,Atromitos Athens,Away,For,0,2,7,2,10,8,21,19,1,3,3,Gameweek 13,2024
15,PAS Giannina,Atromitos Athens,Away,Against,0,2,16,4,14,4,37,9,0,5,2,Gameweek 13,2024
16,Panathinaikos,OFI Crete,Home,For,0,2,19,1,17,2,17,15,0,7,1,Gameweek 13,2024
17,Panathinaikos,OFI Crete,Home,Against,0,3,23,6,6,7,14,16,2,3,3,Gameweek 13,2024
18,OFI Crete,Panathinaikos,Away,For,0,3,23,6,6,7,14,16,2,3,3,Gameweek 13,2024
19,OFI Crete,Panathinaikos,Away,Against,0,2,19,1,17,2,17,15,0,7,1,Gameweek 13,2024
20,PAOK,PAS Lamia 1964,Home,For,0,5,7,0,17,6,22,17,0,9,2,Gameweek 13,2024
21,PAOK,PAS Lamia 1964,Home,Against,0,5,9,1,13,8,17,20,0,6,2,Gameweek 13,2024
22,PAS Lamia 1964,PAOK,Away,For,0,5,9,1,13,8,17,20,0,6,2,Gameweek 13,2024
23,PAS Lamia 1964,PAOK,Away,Against,0,5,7,0,17,6,22,17,0,9,2,Gameweek 13,2024
24,AEK Athens,Aris Thessaloniki,Home,For,0,9,15,1,17,8,19,9,1,6,4,Gameweek 13,2024
25,AEK Athens,Aris Thessaloniki,Home,Against,0,2,9,1,10,9,21,12,1,1,2,Gameweek 13,2024
26,Aris Thessaloniki,AEK Athens,Away,For,0,2,9,1,10,9,21,12,1,1,2,Gameweek 13,2024
27,Aris Thessaloniki,AEK Athens,Away,Against,0,9,15,1,17,8,19,9,1,6,4,Gameweek 13,2024
0,A.E. Kifisia FC,PAS Giannina,Home,For,0,3,12,3,10,8,15,16,2,8,1,Gameweek 14,2024
1,A.E. Kifisia FC,PAS Giannina,Home,Against,1,7,18,5,10,3,24,8,2,5,1,Gameweek 14,2024
2,PAS Giannina,A.E. Kifisia FC,Away,For,1,7,18,5,10,3,24,8,2,5,1,Gameweek 14,2024
3,PAS Giannina,A.E. Kifisia FC,Away,Against,0,3,12,3,10,8,15,16,2,8,1,Gameweek 14,2024
4,Aris Thessaloniki,OFI Crete,Home,For,0,6,14,1,16,6,19,8,0,6,1,Gameweek 14,2024
5,Aris Thessaloniki,OFI Crete,Home,Against,0,5,18,1,6,7,18,12,0,0,0,Gameweek 14,2024
6,OFI Crete,Aris Thessaloniki,Away,For,0,5,18,1,6,7,18,12,0,0,0,Gameweek 14,2024
7,OFI Crete,Aris Thessaloniki,Away,Against,0,6,14,1,16,6,19,8,0,6,1,Gameweek 14,2024
8,Asteras Tripolis,PAOK,Home,For,0,7,16,2,11,9,13,11,1,4,1,Gameweek 14,2024
9,Asteras Tripolis,PAOK,Home,Against,0,4,17,1,13,7,11,6,0,7,4,Gameweek 14,2024
10,PAOK,Asteras Tripolis,Away,For,0,4,17,1,13,7,11,6,0,7,4,Gameweek 14,2024
11,PAOK,Asteras Tripolis,Away,Against,0,7,16,2,11,9,13,11,1,4,1,Gameweek 14,2024
12,PAS Lamia 1964,Volos NFC,Home,For,0,6,12,3,11,8,38,7,1,3,0,Gameweek 14,2024
13,PAS Lamia 1964,Volos NFC,Home,Against,0,2,25,3,9,5,20,20,2,3,1,Gameweek 14,2024
14,Volos NFC,PAS Lamia 1964,Away,For,0,2,25,3,9,5,20,20,2,3,1,Gameweek 14,2024
15,Volos NFC,PAS Lamia 1964,Away,Against,0,6,12,3,11,8,38,7,1,3,0,Gameweek 14,2024
16,Atromitos Athens,Panathinaikos,Home,For,0,1,15,3,10,6,15,15,2,4,0,Gameweek 14,2024
17,Atromitos Athens,Panathinaikos,Home,Against,0,7,16,3,12,2,21,9,0,5,1,Gameweek 14,2024
18,Panathinaikos,Atromitos Athens,Away,For,0,7,16,3,12,2,21,9,0,5,1,Gameweek 14,2024
19,Panathinaikos,Atromitos Athens,Away,Against,0,1,15,3,10,6,15,15,2,4,0,Gameweek 14,2024
20,Panserraikos,Olympiacos FC,Home,For,0,3,8,1,4,10,16,14,0,2,1,Gameweek 14,2024
21,Panserraikos,Olympiacos FC,Home,Against,0,5,16,4,17,3,19,18,1,5,3,Gameweek 14,2024
22,Olympiacos FC,Panserraikos,Away,For,0,5,16,4,17,3,19,18,1,5,3,Gameweek 14,2024
23,Olympiacos FC,Panserraikos,Away,Against,0,3,8,1,4,10,16,14,0,2,1,Gameweek 14,2024
24,Panetolikos,AEK Athens,Home,For,0,2,17,4,6,12,15,17,1,2,3,Gameweek 14,2024
25,Panetolikos,AEK Athens,Home,Against,0,9,11,1,17,3,21,15,0,7,1,Gameweek 14,2024
26,AEK Athens,Panetolikos,Away,For,0,9,11,1,17,3,21,15,0,7,1,Gameweek 14,2024
27,AEK Athens,Panetolikos,Away,Against,0,2,17,4,6,12,15,17,1,2,3,Gameweek 14,2024
0,Aris Thessaloniki,PAS Lamia 1964,Home,For,0,10,18,1,24,6,20,27,0,12,0,Gameweek 15,2024
1,Aris Thessaloniki,PAS Lamia 1964,Home,Against,0,3,15,4,10,10,17,21,2,3,0,Gameweek 15,2024
2,PAS Lamia 1964,Aris Thessaloniki,Away,For,0,3,15,4,10,10,17,21,2,3,0,Gameweek 15,2024
3,PAS Lamia 1964,Aris Thessaloniki,Away,Against,0,10,18,1,24,6,20,27,0,12,0,Gameweek 15,2024
4,Volos NFC,Panathinaikos,Home,For,0,3,14,1,3,8,14,19,0,0,1,Gameweek 15,2024
5,Volos NFC,Panathinaikos,Home,Against,0,4,16,2,12,7,23,13,2,5,3,Gameweek 15,2024
6,Panathinaikos,Volos NFC,Away,For,0,4,16,2,12,7,23,13,2,5,3,Gameweek 15,2024
7,Panathinaikos,Volos NFC,Away,Against,0,3,14,1,3,8,14,19,0,0,1,Gameweek 15,2024
8,PAS Giannina,Panetolikos,Home,For,0,7,15,1,11,2,20,18,0,3,2,Gameweek 15,2024
9,PAS Giannina,Panetolikos,Home,Against,1,6,18,4,3,10,28,21,0,2,0,Gameweek 15,2024
10,Panetolikos,PAS Giannina,Away,For,1,6,18,4,3,10,28,21,0,2,0,Gameweek 15,2024
11,Panetolikos,PAS Giannina,Away,Against,0,7,15,1,11,2,20,18,0,3,2,Gameweek 15,2024
12,Panserraikos,AEK Athens,Home,For,1,5,16,5,10,12,17,15,3,5,4,Gameweek 15,2024
13,Panserraikos,AEK Athens,Home,Against,0,3,14,4,16,2,17,15,1,5,0,Gameweek 15,2024
14,AEK Athens,Panserraikos,Away,For,0,3,14,4,16,2,17,15,1,5,0,Gameweek 15,2024
15,AEK Athens,Panserraikos,Away,Against,1,5,16,5,10,12,17,15,3,5,4,Gameweek 15,2024
16,OFI Crete,Asteras Tripolis,Home,For,0,9,17,3,19,8,23,12,1,5,8,Gameweek 15,2024
17,OFI Crete,Asteras Tripolis,Home,Against,0,4,7,1,14,11,13,24,0,4,1,Gameweek 15,2024
18,Asteras Tripolis,OFI Crete,Away,For,0,4,7,1,14,11,13,24,0,4,1,Gameweek 15,2024
19,Asteras Tripolis,OFI Crete,Away,Against,0,9,17,3,19,8,23,12,1,5,8,Gameweek 15,2024
20,A.E. Kifisia FC,PAOK,Home,For,0,0,15,1,7,3,21,13,0,2,4,Gameweek 15,2024
21,A.E. Kifisia FC,PAOK,Home,Against,0,4,16,0,15,8,18,14,0,12,6,Gameweek 15,2024
22,PAOK,A.E. Kifisia FC,Away,For,0,4,16,0,15,8,18,14,0,12,6,Gameweek 15,2024
23,PAOK,A.E. Kifisia FC,Away,Against,0,0,15,1,7,3,21,13,0,2,4,Gameweek 15,2024
24,Atromitos Athens,Olympiacos FC,Home,For,0,0,13,3,4,13,13,24,0,1,1,Gameweek 15,2024
25,Atromitos Athens,Olympiacos FC,Home,Against,0,9,10,1,21,4,39,15,0,3,2,Gameweek 15,2024
26,Olympiacos FC,Atromitos Athens,Away,For,0,9,10,1,21,4,39,15,0,3,2,Gameweek 15,2024
27,Olympiacos FC,Atromitos Athens,Away,Against,0,0,13,3,4,13,13,24,0,1,1,Gameweek 15,2024
0,Asteras Tripolis,Aris Thessaloniki,Home,For,0,5,19,1,11,8,22,16,0,3,3,Gameweek 16,2024
1,Asteras Tripolis,Aris Thessaloniki,Home,Against,0,1,13,3,9,11,18,15,0,3,7,Gameweek 16,2024
2,Aris Thessaloniki,Asteras Tripolis,Away,For,0,1,13,3,9,11,18,15,0,3,7,Gameweek 16,2024
3,Aris Thessaloniki,Asteras Tripolis,Away,Against,0,5,19,1,11,8,22,16,0,3,3,Gameweek 16,2024
4,PAS Lamia 1964,Olympiacos FC,Home,For,0,7,16,4,13,10,18,21,2,6,1,Gameweek 16,2024
5,PAS Lamia 1964,Olympiacos FC,Home,Against,0,5,12,1,11,10,28,18,0,2,1,Gameweek 16,2024
6,Olympiacos FC,PAS Lamia 1964,Away,For,0,5,12,1,11,10,28,18,0,2,1,Gameweek 16,2024
7,Olympiacos FC,PAS Lamia 1964,Away,Against,0,7,16,4,13,10,18,21,2,6,1,Gameweek 16,2024
8,AEK Athens,Volos NFC,Home,For,0,9,12,2,15,6,21,7,1,5,2,Gameweek 16,2024
9,AEK Athens,Volos NFC,Home,Against,0,3,22,5,8,7,17,13,3,3,1,Gameweek 16,2024
10,Volos NFC,AEK Athens,Away,For,0,3,22,5,8,7,17,13,3,3,1,Gameweek 16,2024
11,Volos NFC,AEK Athens,Away,Against,0,9,12,2,15,6,21,7,1,5,2,Gameweek 16,2024
12,PAOK,OFI Crete,Home,For,0,6,11,1,17,5,25,10,0,9,1,Gameweek 16,2024
13,PAOK,OFI Crete,Home,Against,0,2,16,3,14,5,12,15,3,7,4,Gameweek 16,2024
14,OFI Crete,PAOK,Away,For,0,2,16,3,14,5,12,15,3,7,4,Gameweek 16,2024
15,OFI Crete,PAOK,Away,Against,0,6,11,1,17,5,25,10,0,9,1,Gameweek 16,2024
16,Panathinaikos,PAS Giannina,Home,For,0,8,15,1,12,5,11,14,0,6,3,Gameweek 16,2024
17,Panathinaikos,PAS Giannina,Home,Against,0,3,12,1,9,4,14,19,0,3,2,Gameweek 16,2024
18,PAS Giannina,Panathinaikos,Away,For,0,3,12,1,9,4,14,19,0,3,2,Gameweek 16,2024
19,PAS Giannina,Panathinaikos,Away,Against,0,8,15,1,12,5,11,14,0,6,3,Gameweek 16,2024
20,Panetolikos,Panserraikos,Home,For,0,4,20,2,17,7,19,14,0,4,1,Gameweek 16,2024
21,Panetolikos,Panserraikos,Home,Against,0,3,15,2,12,11,23,21,0,3,4,Gameweek 16,2024
22,Panserraikos,Panetolikos,Away,For,0,3,15,2,12,11,23,21,0,3,4,Gameweek 16,2024
23,Panserraikos,Panetolikos,Away,Against,0,4,20,2,17,7,19,14,0,4,1,Gameweek 16,2024
24,Atromitos Athens,A.E. Kifisia FC,Home,For,0,1,14,2,13,6,18,9,1,7,1,Gameweek 16,2024
25,Atromitos Athens,A.E. Kifisia FC,Home,Against,0,10,12,4,13,5,19,4,2,3,3,Gameweek 16,2024
26,A.E. Kifisia FC,Atromitos Athens,Away,For,0,10,12,4,13,5,19,4,2,3,3,Gameweek 16,2024
27,A.E. Kifisia FC,Atromitos Athens,Away,Against,0,1,14,2,13,6,18,9,1,7,1,Gameweek 16,2024
0,Panserraikos,A.E. Kifisia FC,Home,For,0,3,9,2,9,8,33,9,0,1,6,Gameweek 17,2024
1,Panserraikos,A.E. Kifisia FC,Home,Against,0,3,19,4,15,7,24,15,2,5,0,Gameweek 17,2024
2,A.E. Kifisia FC,Panserraikos,Away,For,0,3,19,4,15,7,24,15,2,5,0,Gameweek 17,2024
3,A.E. Kifisia FC,Panserraikos,Away,Against,0,3,9,2,9,8,33,9,0,1,6,Gameweek 17,2024
4,Volos NFC,Atromitos Athens,Home,For,0,2,17,4,8,5,20,10,2,4,1,Gameweek 17,2024
5,Volos NFC,Atromitos Athens,Home,Against,0,8,18,3,14,11,16,10,0,7,0,Gameweek 17,2024
6,Atromitos Athens,Volos NFC,Away,For,0,8,18,3,14,11,16,10,0,7,0,Gameweek 17,2024
7,Atromitos Athens,Volos NFC,Away,Against,0,2,17,4,8,5,20,10,2,4,1,Gameweek 17,2024
8,Panathinaikos,Panetolikos,Home,For,0,4,18,2,12,2,25,15,0,4,0,Gameweek 17,2024
9,Panathinaikos,Panetolikos,Home,Against,0,3,11,2,8,10,14,18,1,5,2,Gameweek 17,2024
10,Panetolikos,Panathinaikos,Away,For,0,3,11,2,8,10,14,18,1,5,2,Gameweek 17,2024
11,Panetolikos,Panathinaikos,Away,Against,0,4,18,2,12,2,25,15,0,4,0,Gameweek 17,2024
12,PAS Giannina,Asteras Tripolis,Home,For,0,7,14,2,16,9,19,17,0,5,1,Gameweek 17,2024
13,PAS Giannina,Asteras Tripolis,Home,Against,0,3,17,0,10,11,24,10,0,3,2,Gameweek 17,2024
14,Asteras Tripolis,PAS Giannina,Away,For,0,3,17,0,10,11,24,10,0,3,2,Gameweek 17,2024
15,Asteras Tripolis,PAS Giannina,Away,Against,0,7,14,2,16,9,19,17,0,5,1,Gameweek 17,2024
16,Aris Thessaloniki,PAOK,Home,For,0,4,20,2,15,5,14,20,0,4,3,Gameweek 17,2024
17,Aris Thessaloniki,PAOK,Home,Against,0,5,12,4,12,3,21,13,1,2,2,Gameweek 17,2024
18,PAOK,Aris Thessaloniki,Away,For,0,5,12,4,12,3,21,13,1,2,2,Gameweek 17,2024
19,PAOK,Aris Thessaloniki,Away,Against,0,4,20,2,15,5,14,20,0,4,3,Gameweek 17,2024
20,Olympiacos FC,AEK Athens,Home,For,0,5,10,3,8,8,21,20,0,3,0,Gameweek 17,2024
21,Olympiacos FC,AEK Athens,Home,Against,0,9,15,3,13,5,18,16,0,3,3,Gameweek 17,2024
22,AEK Athens,Olympiacos FC,Away,For,0,9,15,3,13,5,18,16,0,3,3,Gameweek 17,2024
23,AEK Athens,Olympiacos FC,Away,Against,0,5,10,3,8,8,21,20,0,3,0,Gameweek 17,2024
24,OFI Crete,PAS Lamia 1964,Home,For,0,7,22,4,21,3,24,10,2,6,1,Gameweek 17,2024
25,OFI Crete,PAS Lamia 1964,Home,Against,0,1,22,3,4,11,17,13,2,2,3,Gameweek 17,2024
26,PAS Lamia 1964,OFI Crete,Away,For,0,1,22,3,4,11,17,13,2,2,3,Gameweek 17,2024
27,PAS Lamia 1964,OFI Crete,Away,Against,0,7,22,4,21,3,24,10,2,6,1,Gameweek 17,2024
0,Atromitos Athens,OFI Crete,Home,For,0,5,9,2,8,10,23,12,1,2,5,Gameweek 18,2024
1,Atromitos Athens,OFI Crete,Home,Against,0,7,20,4,12,7,21,15,0,3,1,Gameweek 18,2024
2,OFI Crete,Atromitos Athens,Away,For,0,7,20,4,12,7,21,15,0,3,1,Gameweek 18,2024
3,OFI Crete,Atromitos Athens,Away,Against,0,5,9,2,8,10,23,12,1,2,5,Gameweek 18,2024
4,PAS Lamia 1964,Panserraikos,Home,For,0,2,14,2,9,5,20,16,0,3,1,Gameweek 18,2024
5,PAS Lamia 1964,Panserraikos,Home,Against,0,1,20,2,7,4,23,18,1,4,0,Gameweek 18,2024
6,Panserraikos,PAS Lamia 1964,Away,For,0,1,20,2,7,4,23,18,1,4,0,Gameweek 18,2024
7,Panserraikos,PAS Lamia 1964,Away,Against,0,2,14,2,9,5,20,16,0,3,1,Gameweek 18,2024
8,Panetolikos,Aris Thessaloniki,Home,For,0,4,15,3,12,4,19,18,1,2,1,Gameweek 18,2024
9,Panetolikos,Aris Thessaloniki,Home,Against,0,6,17,1,17,10,14,19,1,9,5,Gameweek 18,2024
10,Aris Thessaloniki,Panetolikos,Away,For,0,6,17,1,17,10,14,19,1,9,5,Gameweek 18,2024
11,Aris Thessaloniki,Panetolikos,Away,Against,0,4,15,3,12,4,19,18,1,2,1,Gameweek 18,2024
12,A.E. Kifisia FC,Olympiacos FC,Home,For,1,2,12,6,7,5,16,12,1,3,1,Gameweek 18,2024
13,A.E. Kifisia FC,Olympiacos FC,Home,Against,1,4,12,2,14,3,19,11,2,9,4,Gameweek 18,2024
14,Olympiacos FC,A.E. Kifisia FC,Away,For,1,4,12,2,14,3,19,11,2,9,4,Gameweek 18,2024
15,Olympiacos FC,A.E. Kifisia FC,Away,Against,1,2,12,6,7,5,16,12,1,3,1,Gameweek 18,2024
16,Asteras Tripolis,Volos NFC,Home,For,0,6,17,2,10,10,26,12,1,3,1,Gameweek 18,2024
17,Asteras Tripolis,Volos NFC,Home,Against,0,4,16,1,13,9,18,11,1,2,2,Gameweek 18,2024
18,Volos NFC,Asteras Tripolis,Away,For,0,4,16,1,13,9,18,11,1,2,2,Gameweek 18,2024
19,Volos NFC,Asteras Tripolis,Away,Against,0,6,17,2,10,10,26,12,1,3,1,Gameweek 18,2024
20,AEK Athens,Panathinaikos,Home,For,0,8,18,3,17,6,18,19,1,4,1,Gameweek 18,2024
21,AEK Athens,Panathinaikos,Home,Against,0,2,12,2,8,9,17,18,1,2,2,Gameweek 18,2024
22,Panathinaikos,AEK Athens,Away,For,0,2,12,2,8,9,17,18,1,2,2,Gameweek 18,2024
23,Panathinaikos,AEK Athens,Away,Against,0,8,18,3,17,6,18,19,1,4,1,Gameweek 18,2024
24,PAOK,PAS Giannina,Home,For,0,9,12,0,22,2,14,12,0,10,1,Gameweek 18,2024
25,PAOK,PAS Giannina,Home,Against,0,2,10,0,4,9,7,19,0,0,1,Gameweek 18,2024
26,PAS Giannina,PAOK,Away,For,0,2,10,0,4,9,7,19,0,0,1,Gameweek 18,2024
27,PAS Giannina,PAOK,Away,Against,0,9,12,0,22,2,14,12,0,10,1,Gameweek 18,2024
0,PAS Lamia 1964,A.E. Kifisia FC,Home,For,0,6,13,1,14,6,21,15,0,7,2,Gameweek 19,2024
1,PAS Lamia 1964,A.E. Kifisia FC,Home,Against,0,8,21,1,13,6,19,15,0,4,3,Gameweek 19,2024
2,A.E. Kifisia FC,PAS Lamia 1964,Away,For,0,8,21,1,13,6,19,15,0,4,3,Gameweek 19,2024
3,A.E. Kifisia FC,PAS Lamia 1964,Away,Against,0,6,13,1,14,6,21,15,0,7,2,Gameweek 19,2024
4,PAS Giannina,Panserraikos,Home,For,0,9,11,5,12,5,33,10,2,3,1,Gameweek 19,2024
5,PAS Giannina,Panserraikos,Home,Against,0,5,14,3,12,10,25,12,1,7,0,Gameweek 19,2024
6,Panserraikos,PAS Giannina,Away,For,0,5,14,3,12,10,25,12,1,7,0,Gameweek 19,2024
7,Panserraikos,PAS Giannina,Away,Against,0,9,11,5,12,5,33,10,2,3,1,Gameweek 19,2024
8,OFI Crete,Panetolikos,Home,For,0,1,21,2,4,7,25,21,0,1,3,Gameweek 19,2024
9,OFI Crete,Panetolikos,Home,Against,0,1,15,3,7,7,24,19,1,1,0,Gameweek 19,2024
10,Panetolikos,OFI Crete,Away,For,0,1,15,3,7,7,24,19,1,1,0,Gameweek 19,2024
11,Panetolikos,OFI Crete,Away,Against,0,1,21,2,4,7,25,21,0,1,3,Gameweek 19,2024
12,Volos NFC,PAOK,Home,For,0,1,22,2,11,7,19,9,1,2,1,Gameweek 19,2024
13,Volos NFC,PAOK,Home,Against,0,5,11,1,14,11,19,10,1,7,0,Gameweek 19,2024
14,PAOK,Volos NFC,Away,For,0,5,11,1,14,11,19,10,1,7,0,Gameweek 19,2024
15,PAOK,Volos NFC,Away,Against,0,1,22,2,11,7,19,9,1,2,1,Gameweek 19,2024
16,Atromitos Athens,AEK Athens,Home,For,0,7,21,0,9,7,24,9,0,3,0,Gameweek 19,2024
17,Atromitos Athens,AEK Athens,Home,Against,0,7,22,2,18,6,18,16,1,10,2,Gameweek 19,2024
18,AEK Athens,Atromitos Athens,Away,For,0,7,22,2,18,6,18,16,1,10,2,Gameweek 19,2024
19,AEK Athens,Atromitos Athens,Away,Against,0,7,21,0,9,7,24,9,0,3,0,Gameweek 19,2024
20,Panathinaikos,Asteras Tripolis,Home,For,0,9,11,1,18,3,17,21,0,6,1,Gameweek 19,2024
21,Panathinaikos,Asteras Tripolis,Home,Against,1,3,9,6,8,8,19,17,1,1,1,Gameweek 19,2024
22,Asteras Tripolis,Panathinaikos,Away,For,1,3,9,6,8,8,19,17,1,1,1,Gameweek 19,2024
23,Asteras Tripolis,Panathinaikos,Away,Against,0,9,11,1,18,3,17,21,0,6,1,Gameweek 19,2024
24,Aris Thessaloniki,Olympiacos FC,Home,For,0,1,12,2,6,8,26,14,2,0,0,Gameweek 19,2024
25,Aris Thessaloniki,Olympiacos FC,Home,Against,0,1,22,2,12,2,19,22,0,3,2,Gameweek 19,2024
26,Olympiacos FC,Aris Thessaloniki,Away,For,0,1,22,2,12,2,19,22,0,3,2,Gameweek 19,2024
27,Olympiacos FC,Aris Thessaloniki,Away,Against,0,1,12,2,6,8,26,14,2,0,0,Gameweek 19,2024
0,Volos NFC,PAS Lamia 1964,Home,For,0,7,14,3,10,6,17,18,1,5,1,Gameweek 1,2024
1,Volos NFC,PAS Lamia 1964,Home,Against,0,0,16,3,13,5,15,21,2,8,2,Gameweek 1,2024
2,PAS Lamia 1964,Volos NFC,Away,For,0,0,16,3,13,5,15,21,2,8,2,Gameweek 1,2024
3,PAS Lamia 1964,Volos NFC,Away,Against,0,7,14,3,10,6,17,18,1,5,1,Gameweek 1,2024
4,PAS Giannina,A.E. Kifisia FC,Home,For,1,7,16,3,13,8,18,27,0,5,5,Gameweek 1,2024
5,PAS Giannina,A.E. Kifisia FC,Home,Against,0,2,22,4,3,10,27,19,2,0,2,Gameweek 1,2024
6,A.E. Kifisia FC,PAS Giannina,Away,For,0,2,22,4,3,10,27,19,2,0,2,Gameweek 1,2024
7,A.E. Kifisia FC,PAS Giannina,Away,Against,1,7,16,3,13,8,18,27,0,5,5,Gameweek 1,2024
8,OFI Crete,Aris Thessaloniki,Home,For,0,3,25,5,14,6,10,13,1,5,0,Gameweek 1,2024
9,OFI Crete,Aris Thessaloniki,Home,Against,0,4,13,3,17,7,25,11,1,6,1,Gameweek 1,2024
10,Aris Thessaloniki,OFI Crete,Away,For,0,4,13,3,17,7,25,11,1,6,1,Gameweek 1,2024
11,Aris Thessaloniki,OFI Crete,Away,Against,0,3,25,5,14,6,10,13,1,5,0,Gameweek 1,2024
12,PAOK,Asteras Tripolis,Home,For,0,3,7,2,13,5,19,7,1,7,3,Gameweek 1,2024
13,PAOK,Asteras Tripolis,Home,Against,0,1,12,1,8,6,12,17,0,1,4,Gameweek 1,2024
14,Asteras Tripolis,PAOK,Away,For,0,1,12,1,8,6,12,17,0,1,4,Gameweek 1,2024
15,Asteras Tripolis,PAOK,Away,Against,0,3,7,2,13,5,19,7,1,7,3,Gameweek 1,2024
16,Olympiacos FC,Panserraikos,Home,For,0,8,19,3,31,5,18,13,1,2,1,Gameweek 1,2024
17,Olympiacos FC,Panserraikos,Home,Against,1,3,7,0,6,20,15,12,0,1,1,Gameweek 1,2024
18,Panserraikos,Olympiacos FC,Away,For,1,3,7,0,6,20,15,12,0,1,1,Gameweek 1,2024
19,Panserraikos,Olympiacos FC,Away,Against,0,8,19,3,31,5,18,13,1,2,1,Gameweek 1,2024
20,AEK Athens,Panetolikos,Home,For,0,9,10,0,25,2,23,16,0,8,4,Gameweek 1,2024
21,AEK Athens,Panetolikos,Home,Against,0,5,15,2,8,12,15,12,0,4,2,Gameweek 1,2024
22,Panetolikos,AEK Athens,Away,For,0,5,15,2,8,12,15,12,0,4,2,Gameweek 1,2024
23,Panetolikos,AEK Athens,Away,Against,0,9,10,0,25,2,23,16,0,8,4,Gameweek 1,2024
24,Panathinaikos,Atromitos Athens,Home,For,1,2,14,0,16,5,19,16,0,9,0,Gameweek 1,2024
25,Panathinaikos,Atromitos Athens,Home,Against,1,1,9,1,5,5,11,21,1,1,0,Gameweek 1,2024
26,Atromitos Athens,Panathinaikos,Away,For,1,1,9,1,5,5,11,21,1,1,0,Gameweek 1,2024
27,Atromitos Athens,Panathinaikos,Away,Against,1,2,14,0,16,5,19,16,0,9,0,Gameweek 1,2024
0,Panetolikos,PAS Lamia 1964,Home,For,0,4,14,2,14,7,24,19,1,2,0,Gameweek 20,2024
1,Panetolikos,PAS Lamia 1964,Home,Against,0,5,15,5,14,15,21,25,3,5,2,Gameweek 20,2024
2,PAS Lamia 1964,Panetolikos,Away,For,0,5,15,5,14,15,21,25,3,5,2,Gameweek 20,2024
3,PAS Lamia 1964,Panetolikos,Away,Against,0,4,14,2,14,7,24,19,1,2,0,Gameweek 20,2024
4,Panserraikos,Volos NFC,Home,For,0,2,16,4,12,5,13,15,0,6,2,Gameweek 20,2024
5,Panserraikos,Volos NFC,Home,Against,0,2,28,6,7,4,21,10,2,3,0,Gameweek 20,2024
6,Volos NFC,Panserraikos,Away,For,0,2,28,6,7,4,21,10,2,3,0,Gameweek 20,2024
7,Volos NFC,Panserraikos,Away,Against,0,2,16,4,12,5,13,15,0,6,2,Gameweek 20,2024
8,A.E. Kifisia FC,Aris Thessaloniki,Home,For,0,8,13,4,9,3,30,19,1,1,3,Gameweek 20,2024
9,A.E. Kifisia FC,Aris Thessaloniki,Home,Against,0,3,10,6,5,13,24,18,2,3,4,Gameweek 20,2024
10,Aris Thessaloniki,A.E. Kifisia FC,Away,For,0,3,10,6,5,13,24,18,2,3,4,Gameweek 20,2024
11,Aris Thessaloniki,A.E. Kifisia FC,Away,Against,0,8,13,4,9,3,30,19,1,1,3,Gameweek 20,2024
12,AEK Athens,OFI Crete,Home,For,0,13,21,2,19,1,22,18,0,8,2,Gameweek 20,2024
13,AEK Athens,OFI Crete,Home,Against,0,4,7,1,9,4,17,22,0,2,0,Gameweek 20,2024
14,OFI Crete,AEK Athens,Away,For,0,4,7,1,9,4,17,22,0,2,0,Gameweek 20,2024
15,OFI Crete,AEK Athens,Away,Against,0,13,21,2,19,1,22,18,0,8,2,Gameweek 20,2024
16,Asteras Tripolis,Atromitos Athens,Home,For,0,5,16,1,9,9,11,7,1,6,0,Gameweek 20,2024
17,Asteras Tripolis,Atromitos Athens,Home,Against,0,3,9,0,12,4,21,7,0,2,2,Gameweek 20,2024
18,Atromitos Athens,Asteras Tripolis,Away,For,0,3,9,0,12,4,21,7,0,2,2,Gameweek 20,2024
19,Atromitos Athens,Asteras Tripolis,Away,Against,0,5,16,1,9,9,11,7,1,6,0,Gameweek 20,2024
20,Olympiacos FC,PAS Giannina,Home,For,0,8,16,1,18,4,23,9,1,8,1,Gameweek 20,2024
21,Olympiacos FC,PAS Giannina,Home,Against,0,3,6,4,9,7,15,25,2,2,2,Gameweek 20,2024
22,PAS Giannina,Olympiacos FC,Away,For,0,3,6,4,9,7,15,25,2,2,2,Gameweek 20,2024
23,PAS Giannina,Olympiacos FC,Away,Against,0,8,16,1,18,4,23,9,1,8,1,Gameweek 20,2024
24,PAOK,Panathinaikos,Home,For,0,3,11,4,11,3,16,12,0,5,5,Gameweek 20,2024
25,PAOK,Panathinaikos,Home,Against,0,6,15,2,9,9,25,12,0,5,2,Gameweek 20,2024
26,Panathinaikos,PAOK,Away,For,0,6,15,2,9,9,25,12,0,5,2,Gameweek 20,2024
27,Panathinaikos,PAOK,Away,Against,0,3,11,4,11,3,16,12,0,5,5,Gameweek 20,2024
0,Volos NFC,Panetolikos,Home,For,0,5,23,2,7,3,19,13,1,4,1,Gameweek 21,2024
1,Volos NFC,Panetolikos,Home,Against,0,5,20,4,11,6,21,8,2,3,0,Gameweek 21,2024
2,Panetolikos,Volos NFC,Away,For,0,5,20,4,11,6,21,8,2,3,0,Gameweek 21,2024
3,Panetolikos,Volos NFC,Away,Against,0,5,23,2,7,3,19,13,1,4,1,Gameweek 21,2024
4,Panserraikos,Aris Thessaloniki,Home,For,0,4,17,5,12,8,23,7,2,7,0,Gameweek 21,2024
5,Panserraikos,Aris Thessaloniki,Home,Against,0,0,14,2,9,7,14,8,1,4,1,Gameweek 21,2024
6,Aris Thessaloniki,Panserraikos,Away,For,0,0,14,2,9,7,14,8,1,4,1,Gameweek 21,2024
7,Aris Thessaloniki,Panserraikos,Away,Against,0,4,17,5,12,8,23,7,2,7,0,Gameweek 21,2024
8,OFI Crete,A.E. Kifisia FC,Home,For,0,2,20,3,9,7,32,14,2,3,1,Gameweek 21,2024
9,OFI Crete,A.E. Kifisia FC,Home,Against,0,5,12,4,11,8,13,17,2,3,0,Gameweek 21,2024
10,A.E. Kifisia FC,OFI Crete,Away,For,0,5,12,4,11,8,13,17,2,3,0,Gameweek 21,2024
11,A.E. Kifisia FC,OFI Crete,Away,Against,0,2,20,3,9,7,32,14,2,3,1,Gameweek 21,2024
12,AEK Athens,Asteras Tripolis,Home,For,0,6,10,0,23,6,15,15,0,7,2,Gameweek 21,2024
13,AEK Athens,Asteras Tripolis,Home,Against,0,5,17,3,8,11,19,13,3,2,2,Gameweek 21,2024
14,Asteras Tripolis,AEK Athens,Away,For,0,5,17,3,8,11,19,13,3,2,2,Gameweek 21,2024
15,Asteras Tripolis,AEK Athens,Away,Against,0,6,10,0,23,6,15,15,0,7,2,Gameweek 21,2024
16,PAS Giannina,PAS Lamia 1964,Home,For,0,11,13,5,21,3,17,21,2,7,0,Gameweek 21,2024
17,PAS Giannina,PAS Lamia 1964,Home,Against,0,4,14,3,13,13,20,13,2,10,1,Gameweek 21,2024
18,PAS Lamia 1964,PAS Giannina,Away,For,0,4,14,3,13,13,20,13,2,10,1,Gameweek 21,2024
19,PAS Lamia 1964,PAS Giannina,Away,Against,0,11,13,5,21,3,17,21,2,7,0,Gameweek 21,2024
20,Atromitos Athens,PAOK,Home,For,0,2,15,3,2,15,20,15,1,0,0,Gameweek 21,2024
21,Atromitos Athens,PAOK,Home,Against,0,8,10,3,20,3,23,6,1,2,2,Gameweek 21,2024
22,PAOK,Atromitos Athens,Away,For,0,8,10,3,20,3,23,6,1,2,2,Gameweek 21,2024
23,PAOK,Atromitos Athens,Away,Against,0,2,15,3,2,15,20,15,1,0,0,Gameweek 21,2024
24,Panathinaikos,Olympiacos FC,Home,For,0,3,10,1,12,9,30,10,1,7,4,Gameweek 21,2024
25,Panathinaikos,Olympiacos FC,Home,Against,0,7,13,3,13,2,23,15,1,4,2,Gameweek 21,2024
26,Olympiacos FC,Panathinaikos,Away,For,0,7,13,3,13,2,23,15,1,4,2,Gameweek 21,2024
27,Olympiacos FC,Panathinaikos,Away,Against,0,3,10,1,12,9,30,10,1,7,4,Gameweek 21,2024
0,Olympiacos FC,OFI Crete,Home,For,0,5,15,1,21,5,23,7,0,10,1,Gameweek 22,2024
1,Olympiacos FC,OFI Crete,Home,Against,0,2,14,2,6,9,10,17,1,0,0,Gameweek 22,2024
2,OFI Crete,Olympiacos FC,Away,For,0,2,14,2,6,9,10,17,1,0,0,Gameweek 22,2024
3,OFI Crete,Olympiacos FC,Away,Against,0,5,15,1,21,5,23,7,0,10,1,Gameweek 22,2024
4,PAS Giannina,Aris Thessaloniki,Home,For,0,2,21,4,10,5,28,21,0,2,1,Gameweek 22,2024
5,PAS Giannina,Aris Thessaloniki,Home,Against,0,4,21,2,8,9,26,19,1,3,1,Gameweek 22,2024
6,Aris Thessaloniki,PAS Giannina,Away,For,0,4,21,2,8,9,26,19,1,3,1,Gameweek 22,2024
7,Aris Thessaloniki,PAS Giannina,Away,Against,0,2,21,4,10,5,28,21,0,2,1,Gameweek 22,2024
8,Panetolikos,Atromitos Athens,Home,For,1,5,13,4,8,14,8,14,2,5,0,Gameweek 22,2024
9,Panetolikos,Atromitos Athens,Home,Against,0,10,16,3,15,5,24,15,1,5,2,Gameweek 22,2024
10,Atromitos Athens,Panetolikos,Away,For,0,10,16,3,15,5,24,15,1,5,2,Gameweek 22,2024
11,Atromitos Athens,Panetolikos,Away,Against,1,5,13,4,8,14,8,14,2,5,0,Gameweek 22,2024
12,A.E. Kifisia FC,Volos NFC,Home,For,0,11,22,2,13,6,36,9,0,3,0,Gameweek 22,2024
13,A.E. Kifisia FC,Volos NFC,Home,Against,1,5,21,5,7,11,17,24,2,4,1,Gameweek 22,2024
14,Volos NFC,A.E. Kifisia FC,Away,For,1,5,21,5,7,11,17,24,2,4,1,Gameweek 22,2024
15,Volos NFC,A.E. Kifisia FC,Away,Against,0,11,22,2,13,6,36,9,0,3,0,Gameweek 22,2024
16,Panserraikos,Panathinaikos,Home,For,0,3,14,4,8,11,15,17,2,2,2,Gameweek 22,2024
17,Panserraikos,Panathinaikos,Home,Against,0,3,23,2,12,8,28,12,0,7,0,Gameweek 22,2024
18,Panathinaikos,Panserraikos,Away,For,0,3,23,2,12,8,28,12,0,7,0,Gameweek 22,2024
19,Panathinaikos,Panserraikos,Away,Against,0,3,14,4,8,11,15,17,2,2,2,Gameweek 22,2024
20,PAS Lamia 1964,Asteras Tripolis,Home,For,0,4,15,2,7,7,19,11,0,3,6,Gameweek 22,2024
21,PAS Lamia 1964,Asteras Tripolis,Home,Against,1,3,24,5,12,4,22,15,2,6,0,Gameweek 22,2024
22,Asteras Tripolis,PAS Lamia 1964,Away,For,1,3,24,5,12,4,22,15,2,6,0,Gameweek 22,2024
23,Asteras Tripolis,PAS Lamia 1964,Away,Against,0,4,15,2,7,7,19,11,0,3,6,Gameweek 22,2024
24,PAOK,AEK Athens,Home,For,0,5,17,2,11,4,31,24,1,5,2,Gameweek 22,2024
25,PAOK,AEK Athens,Home,Against,0,4,17,3,10,7,40,13,2,5,2,Gameweek 22,2024
26,AEK Athens,PAOK,Away,For,0,4,17,3,10,7,40,13,2,5,2,Gameweek 22,2024
27,AEK Athens,PAOK,Away,Against,0,5,17,2,11,4,31,24,1,5,2,Gameweek 22,2024
0,Atromitos Athens,Aris Thessaloniki,Home,For,0,0,13,4,11,8,32,21,2,1,1,Gameweek 23,2024
1,Atromitos Athens,Aris Thessaloniki,Home,Against,0,3,19,4,9,9,15,16,2,4,1,Gameweek 23,2024
2,Aris Thessaloniki,Atromitos Athens,Away,For,0,3,19,4,9,9,15,16,2,4,1,Gameweek 23,2024
3,Aris Thessaloniki,Atromitos Athens,Away,Against,0,0,13,4,11,8,32,21,2,1,1,Gameweek 23,2024
4,Panathinaikos,PAS Lamia 1964,Home,For,0,12,20,1,30,2,25,15,0,6,0,Gameweek 23,2024
5,Panathinaikos,PAS Lamia 1964,Home,Against,1,2,9,3,4,13,15,5,2,2,0,Gameweek 23,2024
6,PAS Lamia 1964,Panathinaikos,Away,For,1,2,9,3,4,13,15,5,2,2,0,Gameweek 23,2024
7,PAS Lamia 1964,Panathinaikos,Away,Against,0,12,20,1,30,2,25,15,0,6,0,Gameweek 23,2024
8,Volos NFC,PAS Giannina,Home,For,0,4,19,5,15,4,26,21,2,4,1,Gameweek 23,2024
9,Volos NFC,PAS Giannina,Home,Against,0,7,17,3,17,9,29,17,2,7,3,Gameweek 23,2024
10,PAS Giannina,Volos NFC,Away,For,0,7,17,3,17,9,29,17,2,7,3,Gameweek 23,2024
11,PAS Giannina,Volos NFC,Away,Against,0,4,19,5,15,4,26,21,2,4,1,Gameweek 23,2024
12,AEK Athens,A.E. Kifisia FC,Home,For,0,10,16,2,28,2,18,11,1,11,5,Gameweek 23,2024
13,AEK Athens,A.E. Kifisia FC,Home,Against,1,0,10,2,2,14,12,11,0,0,2,Gameweek 23,2024
14,A.E. Kifisia FC,AEK Athens,Away,For,1,0,10,2,2,14,12,11,0,0,2,Gameweek 23,2024
15,A.E. Kifisia FC,AEK Athens,Away,Against,0,10,16,2,28,2,18,11,1,11,5,Gameweek 23,2024
16,PAOK,Olympiacos FC,Home,For,0,3,10,2,15,4,34,13,1,4,2,Gameweek 23,2024
17,PAOK,Olympiacos FC,Home,Against,0,4,16,6,10,8,21,19,2,7,2,Gameweek 23,2024
18,Olympiacos FC,PAOK,Away,For,0,4,16,6,10,8,21,19,2,7,2,Gameweek 23,2024
19,Olympiacos FC,PAOK,Away,Against,0,3,10,2,15,4,34,13,1,4,2,Gameweek 23,2024
20,OFI Crete,Panserraikos,Home,For,0,3,20,4,12,8,13,15,1,5,0,Gameweek 23,2024
21,OFI Crete,Panserraikos,Home,Against,0,4,13,2,12,9,26,14,2,2,2,Gameweek 23,2024
22,Panserraikos,OFI Crete,Away,For,0,4,13,2,12,9,26,14,2,2,2,Gameweek 23,2024
23,Panserraikos,OFI Crete,Away,Against,0,3,20,4,12,8,13,15,1,5,0,Gameweek 23,2024
24,Asteras Tripolis,Panetolikos,Home,For,0,6,14,1,17,4,23,17,0,5,1,Gameweek 23,2024
25,Asteras Tripolis,Panetolikos,Home,Against,0,3,15,4,10,17,14,12,2,6,6,Gameweek 23,2024
26,Panetolikos,Asteras Tripolis,Away,For,0,3,15,4,10,17,14,12,2,6,6,Gameweek 23,2024
27,Panetolikos,Asteras Tripolis,Away,Against,0,6,14,1,17,4,23,17,0,5,1,Gameweek 23,2024
0,PAS Lamia 1964,AEK Athens,Home,For,0,3,11,2,6,10,26,21,1,4,1,Gameweek 24,2024
1,PAS Lamia 1964,AEK Athens,Home,Against,0,4,16,1,15,4,21,20,0,6,2,Gameweek 24,2024
2,AEK Athens,PAS Lamia 1964,Away,For,0,4,16,1,15,4,21,20,0,6,2,Gameweek 24,2024
3,AEK Athens,PAS Lamia 1964,Away,Against,0,3,11,2,6,10,26,21,1,4,1,Gameweek 24,2024
4,Panserraikos,Atromitos Athens,Home,For,0,3,15,3,9,3,31,8,1,2,3,Gameweek 24,2024
5,Panserraikos,Atromitos Athens,Home,Against,0,4,24,4,3,11,22,7,1,2,0,Gameweek 24,2024
6,Atromitos Athens,Panserraikos,Away,For,0,4,24,4,3,11,22,7,1,2,0,Gameweek 24,2024
7,Atromitos Athens,Panserraikos,Away,Against,0,3,15,3,9,3,31,8,1,2,3,Gameweek 24,2024
8,PAS Giannina,OFI Crete,Home,For,0,6,17,4,7,7,28,16,0,4,1,Gameweek 24,2024
9,PAS Giannina,OFI Crete,Home,Against,0,2,12,3,11,6,28,13,0,3,0,Gameweek 24,2024
10,OFI Crete,PAS Giannina,Away,For,0,2,12,3,11,6,28,13,0,3,0,Gameweek 24,2024
11,OFI Crete,PAS Giannina,Away,Against,0,6,17,4,7,7,28,16,0,4,1,Gameweek 24,2024
12,Panetolikos,PAOK,Home,For,0,2,12,2,7,11,23,8,1,4,3,Gameweek 24,2024
13,Panetolikos,PAOK,Home,Against,0,5,14,0,18,6,25,6,0,5,2,Gameweek 24,2024
14,PAOK,Panetolikos,Away,For,0,5,14,0,18,6,25,6,0,5,2,Gameweek 24,2024
15,PAOK,Panetolikos,Away,Against,0,2,12,2,7,11,23,8,1,4,3,Gameweek 24,2024
16,Olympiacos FC,Asteras Tripolis,Home,For,0,11,9,0,27,4,21,21,0,11,3,Gameweek 24,2024
17,Olympiacos FC,Asteras Tripolis,Home,Against,0,1,14,3,8,13,19,17,1,2,0,Gameweek 24,2024
18,Asteras Tripolis,Olympiacos FC,Away,For,0,1,14,3,8,13,19,17,1,2,0,Gameweek 24,2024
19,Asteras Tripolis,Olympiacos FC,Away,Against,0,11,9,0,27,4,21,21,0,11,3,Gameweek 24,2024
20,Aris Thessaloniki,Volos NFC,Home,For,0,6,7,2,19,4,26,11,0,9,1,Gameweek 24,2024
21,Aris Thessaloniki,Volos NFC,Home,Against,0,1,18,6,4,10,20,14,3,1,0,Gameweek 24,2024
22,Volos NFC,Aris Thessaloniki,Away,For,0,1,18,6,4,10,20,14,3,1,0,Gameweek 24,2024
23,Volos NFC,Aris Thessaloniki,Away,Against,0,6,7,2,19,4,26,11,0,9,1,Gameweek 24,2024
24,Panathinaikos,A.E. Kifisia FC,Home,For,1,7,12,2,16,6,19,18,0,4,5,Gameweek 24,2024
25,Panathinaikos,A.E. Kifisia FC,Home,Against,0,11,17,3,16,11,15,12,1,8,1,Gameweek 24,2024
26,A.E. Kifisia FC,Panathinaikos,Away,For,0,11,17,3,16,11,15,12,1,8,1,Gameweek 24,2024
27,A.E. Kifisia FC,Panathinaikos,Away,Against,1,7,12,2,16,6,19,18,0,4,5,Gameweek 24,2024
0,Asteras Tripolis,A.E. Kifisia FC,Home,For,0,8,15,2,20,4,33,9,0,9,2,Gameweek 25,2024
1,Asteras Tripolis,A.E. Kifisia FC,Home,Against,0,5,14,2,12,8,15,12,0,8,1,Gameweek 25,2024
2,A.E. Kifisia FC,Asteras Tripolis,Away,For,0,5,14,2,12,8,15,12,0,8,1,Gameweek 25,2024
3,A.E. Kifisia FC,Asteras Tripolis,Away,Against,0,8,15,2,20,4,33,9,0,9,2,Gameweek 25,2024
4,Volos NFC,OFI Crete,Home,For,0,2,23,3,6,3,17,14,2,4,1,Gameweek 25,2024
5,Volos NFC,OFI Crete,Home,Against,0,7,24,5,8,6,18,12,3,2,1,Gameweek 25,2024
6,OFI Crete,Volos NFC,Away,For,0,7,24,5,8,6,18,12,3,2,1,Gameweek 25,2024
7,OFI Crete,Volos NFC,Away,Against,0,2,23,3,6,3,17,14,2,4,1,Gameweek 25,2024
8,Atromitos Athens,PAS Lamia 1964,Home,For,1,3,14,4,13,5,11,13,2,6,3,Gameweek 25,2024
9,Atromitos Athens,PAS Lamia 1964,Home,Against,0,3,11,3,7,6,17,16,1,3,2,Gameweek 25,2024
10,PAS Lamia 1964,Atromitos Athens,Away,For,0,3,11,3,7,6,17,16,1,3,2,Gameweek 25,2024
11,PAS Lamia 1964,Atromitos Athens,Away,Against,1,3,14,4,13,5,11,13,2,6,3,Gameweek 25,2024
12,Panetolikos,Olympiacos FC,Home,For,0,1,7,1,3,7,21,22,0,2,1,Gameweek 25,2024
13,Panetolikos,Olympiacos FC,Home,Against,0,9,19,3,13,7,24,18,0,4,0,Gameweek 25,2024
14,Olympiacos FC,Panetolikos,Away,For,0,9,19,3,13,7,24,18,0,4,0,Gameweek 25,2024
15,Olympiacos FC,Panetolikos,Away,Against,0,1,7,1,3,7,21,22,0,2,1,Gameweek 25,2024
16,AEK Athens,PAS Giannina,Home,For,0,10,3,0,19,6,28,16,0,4,2,Gameweek 25,2024
17,AEK Athens,PAS Giannina,Home,Against,0,2,19,5,7,15,7,12,1,2,0,Gameweek 25,2024
18,PAS Giannina,AEK Athens,Away,For,0,2,19,5,7,15,7,12,1,2,0,Gameweek 25,2024
19,PAS Giannina,AEK Athens,Away,Against,0,10,3,0,19,6,28,16,0,4,2,Gameweek 25,2024
20,Panserraikos,PAOK,Home,For,2,1,13,3,7,12,13,9,2,3,1,Gameweek 25,2024
21,Panserraikos,PAOK,Home,Against,0,6,12,1,15,8,15,11,1,4,2,Gameweek 25,2024
22,PAOK,Panserraikos,Away,For,0,6,12,1,15,8,15,11,1,4,2,Gameweek 25,2024
23,PAOK,Panserraikos,Away,Against,2,1,13,3,7,12,13,9,2,3,1,Gameweek 25,2024
24,Panathinaikos,Aris Thessaloniki,Home,For,0,3,20,2,16,4,16,14,1,6,2,Gameweek 25,2024
25,Panathinaikos,Aris Thessaloniki,Home,Against,0,5,15,1,8,7,17,13,0,3,3,Gameweek 25,2024
26,Aris Thessaloniki,Panathinaikos,Away,For,0,5,15,1,8,7,17,13,0,3,3,Gameweek 25,2024
27,Aris Thessaloniki,Panathinaikos,Away,Against,0,3,20,2,16,4,16,14,1,6,2,Gameweek 25,2024
0,A.E. Kifisia FC,Panetolikos,Home,For,0,5,19,3,14,8,21,19,0,8,1,Gameweek 26,2024
1,A.E. Kifisia FC,Panetolikos,Home,Against,0,4,19,6,13,7,19,18,1,5,0,Gameweek 26,2024
2,Panetolikos,A.E. Kifisia FC,Away,For,0,4,19,6,13,7,19,18,1,5,0,Gameweek 26,2024
3,Panetolikos,A.E. Kifisia FC,Away,Against,0,5,19,3,14,8,21,19,0,8,1,Gameweek 26,2024
4,Aris Thessaloniki,AEK Athens,Home,For,0,0,14,3,7,7,18,11,2,4,1,Gameweek 26,2024
5,Aris Thessaloniki,AEK Athens,Home,Against,0,8,20,3,15,0,18,15,1,9,0,Gameweek 26,2024
6,AEK Athens,Aris Thessaloniki,Away,For,0,8,20,3,15,0,18,15,1,9,0,Gameweek 26,2024
7,AEK Athens,Aris Thessaloniki,Away,Against,0,0,14,3,7,7,18,11,2,4,1,Gameweek 26,2024
8,OFI Crete,Panathinaikos,Home,For,0,1,16,6,8,7,16,18,2,4,0,Gameweek 26,2024
9,OFI Crete,Panathinaikos,Home,Against,0,4,18,3,13,7,21,8,2,5,0,Gameweek 26,2024
10,Panathinaikos,OFI Crete,Away,For,0,4,18,3,13,7,21,8,2,5,0,Gameweek 26,2024
11,Panathinaikos,OFI Crete,Away,Against,0,1,16,6,8,7,16,18,2,4,0,Gameweek 26,2024
12,Olympiacos FC,Volos NFC,Home,For,0,9,22,3,28,6,13,20,0,14,0,Gameweek 26,2024
13,Olympiacos FC,Volos NFC,Home,Against,1,0,8,2,3,16,12,8,1,0,0,Gameweek 26,2024
14,Volos NFC,Olympiacos FC,Away,For,1,0,8,2,3,16,12,8,1,0,0,Gameweek 26,2024
15,Volos NFC,Olympiacos FC,Away,Against,0,9,22,3,28,6,13,20,0,14,0,Gameweek 26,2024
16,Panserraikos,Asteras Tripolis,Home,For,0,5,19,5,13,7,21,12,0,6,3,Gameweek 26,2024
17,Panserraikos,Asteras Tripolis,Home,Against,1,5,13,4,5,6,10,14,1,2,0,Gameweek 26,2024
18,Asteras Tripolis,Panserraikos,Away,For,1,5,13,4,5,6,10,14,1,2,0,Gameweek 26,2024
19,Asteras Tripolis,Panserraikos,Away,Against,0,5,19,5,13,7,21,12,0,6,3,Gameweek 26,2024
20,PAS Giannina,Atromitos Athens,Home,For,0,8,17,1,17,6,31,8,0,3,1,Gameweek 26,2024
21,PAS Giannina,Atromitos Athens,Home,Against,1,2,14,1,8,10,28,15,1,2,1,Gameweek 26,2024
22,Atromitos Athens,PAS Giannina,Away,For,1,2,14,1,8,10,28,15,1,2,1,Gameweek 26,2024
23,Atromitos Athens,PAS Giannina,Away,Against,0,8,17,1,17,6,31,8,0,3,1,Gameweek 26,2024
24,PAS Lamia 1964,PAOK,Home,For,0,1,12,2,3,13,11,19,1,2,1,Gameweek 26,2024
25,PAS Lamia 1964,PAOK,Home,Against,0,8,11,2,20,3,19,22,1,7,1,Gameweek 26,2024
26,PAOK,PAS Lamia 1964,Away,For,0,8,11,2,20,3,19,22,1,7,1,Gameweek 26,2024
27,PAOK,PAS Lamia 1964,Away,Against,0,1,12,2,3,13,11,19,1,2,1,Gameweek 26,2024
0,Panetolikos,PAS Giannina,Home,For,0,2,16,1,19,5,19,15,0,7,0,Gameweek 2,2024
1,Panetolikos,PAS Giannina,Home,Against,0,3,19,4,7,7,17,14,1,2,3,Gameweek 2,2024
2,PAS Giannina,Panetolikos,Away,For,0,3,19,4,7,7,17,14,1,2,3,Gameweek 2,2024
3,PAS Giannina,Panetolikos,Away,Against,0,2,16,1,19,5,19,15,0,7,0,Gameweek 2,2024
4,Asteras Tripolis,OFI Crete,Home,For,0,3,16,1,12,10,8,8,0,4,6,Gameweek 2,2024
5,Asteras Tripolis,OFI Crete,Home,Against,0,4,16,3,17,5,21,5,2,7,3,Gameweek 2,2024
6,OFI Crete,Asteras Tripolis,Away,For,0,4,16,3,17,5,21,5,2,7,3,Gameweek 2,2024
7,OFI Crete,Asteras Tripolis,Away,Against,0,3,16,1,12,10,8,8,0,4,6,Gameweek 2,2024
8,Panathinaikos,Volos NFC,Home,For,0,6,14,1,13,2,17,6,0,8,0,Gameweek 2,2024
9,Panathinaikos,Volos NFC,Home,Against,0,1,18,3,5,4,11,19,0,3,2,Gameweek 2,2024
10,Volos NFC,Panathinaikos,Away,For,0,1,18,3,5,4,11,19,0,3,2,Gameweek 2,2024
11,Volos NFC,Panathinaikos,Away,Against,0,6,14,1,13,2,17,6,0,8,0,Gameweek 2,2024
12,AEK Athens,Panserraikos,Home,For,0,12,6,1,36,5,20,7,1,8,0,Gameweek 2,2024
13,AEK Athens,Panserraikos,Home,Against,0,1,21,6,9,25,16,12,1,4,2,Gameweek 2,2024
14,Panserraikos,AEK Athens,Away,For,0,1,21,6,9,25,16,12,1,4,2,Gameweek 2,2024
15,Panserraikos,AEK Athens,Away,Against,0,12,6,1,36,5,20,7,1,8,0,Gameweek 2,2024
16,PAS Lamia 1964,Aris Thessaloniki,Home,For,1,2,24,4,7,4,16,16,1,3,3,Gameweek 2,2024
17,PAS Lamia 1964,Aris Thessaloniki,Home,Against,0,2,18,4,7,8,23,17,0,4,0,Gameweek 2,2024
18,Aris Thessaloniki,PAS Lamia 1964,Away,For,0,2,18,4,7,8,23,17,0,4,0,Gameweek 2,2024
19,Aris Thessaloniki,PAS Lamia 1964,Away,Against,1,2,24,4,7,4,16,16,1,3,3,Gameweek 2,2024
20,PAOK,A.E. Kifisia FC,Home,For,0,8,12,1,18,5,16,7,0,8,6,Gameweek 2,2024
21,PAOK,A.E. Kifisia FC,Home,Against,0,5,14,5,6,9,16,12,2,1,2,Gameweek 2,2024
22,A.E. Kifisia FC,PAOK,Away,For,0,5,14,5,6,9,16,12,2,1,2,Gameweek 2,2024
23,A.E. Kifisia FC,PAOK,Away,Against,0,8,12,1,18,5,16,7,0,8,6,Gameweek 2,2024
24,Olympiacos FC,Atromitos Athens,Home,For,0,5,9,1,27,2,18,15,0,9,2,Gameweek 2,2024
25,Olympiacos FC,Atromitos Athens,Home,Against,1,2,11,5,3,8,13,16,0,1,0,Gameweek 2,2024
26,Atromitos Athens,Olympiacos FC,Away,For,1,2,11,5,3,8,13,16,0,1,0,Gameweek 2,2024
27,Atromitos Athens,Olympiacos FC,Away,Against,0,5,9,1,27,2,18,15,0,9,2,Gameweek 2,2024
0,A.E. Kifisia FC,Atromitos Athens,Home,For,0,5,14,3,12,8,20,10,1,5,0,Gameweek 3,2024
1,A.E. Kifisia FC,Atromitos Athens,Home,Against,1,5,12,1,13,4,22,16,1,8,1,Gameweek 3,2024
2,Atromitos Athens,A.E. Kifisia FC,Away,For,1,5,12,1,13,4,22,16,1,8,1,Gameweek 3,2024
3,Atromitos Athens,A.E. Kifisia FC,Away,Against,0,5,14,3,12,8,20,10,1,5,0,Gameweek 3,2024
4,Panserraikos,Panetolikos,Home,For,0,4,14,3,15,4,23,21,2,4,3,Gameweek 3,2024
5,Panserraikos,Panetolikos,Home,Against,0,6,16,1,10,10,22,16,1,5,0,Gameweek 3,2024
6,Panetolikos,Panserraikos,Away,For,0,6,16,1,10,10,22,16,1,5,0,Gameweek 3,2024
7,Panetolikos,Panserraikos,Away,Against,0,4,14,3,15,4,23,21,2,4,3,Gameweek 3,2024
8,Aris Thessaloniki,Asteras Tripolis,Home,For,0,3,14,1,10,2,15,14,0,6,3,Gameweek 3,2024
9,Aris Thessaloniki,Asteras Tripolis,Home,Against,0,5,16,3,7,5,13,15,1,4,2,Gameweek 3,2024
10,Asteras Tripolis,Aris Thessaloniki,Away,For,0,5,16,3,7,5,13,15,1,4,2,Gameweek 3,2024
11,Asteras Tripolis,Aris Thessaloniki,Away,Against,0,3,14,1,10,2,15,14,0,6,3,Gameweek 3,2024
12,OFI Crete,PAOK,Home,For,0,1,19,4,9,8,10,13,3,2,3,Gameweek 3,2024
13,OFI Crete,PAOK,Home,Against,0,5,18,5,13,4,18,16,1,3,2,Gameweek 3,2024
14,PAOK,OFI Crete,Away,For,0,5,18,5,13,4,18,16,1,3,2,Gameweek 3,2024
15,PAOK,OFI Crete,Away,Against,0,1,19,4,9,8,10,13,3,2,3,Gameweek 3,2024
16,Olympiacos FC,PAS Lamia 1964,Home,For,0,5,13,2,18,5,20,15,1,8,1,Gameweek 3,2024
17,Olympiacos FC,PAS Lamia 1964,Home,Against,0,2,15,3,7,8,15,20,2,5,2,Gameweek 3,2024
18,PAS Lamia 1964,Olympiacos FC,Away,For,0,2,15,3,7,8,15,20,2,5,2,Gameweek 3,2024
19,PAS Lamia 1964,Olympiacos FC,Away,Against,0,5,13,2,18,5,20,15,1,8,1,Gameweek 3,2024
20,Volos NFC,AEK Athens,Home,For,0,3,22,4,8,6,9,13,2,5,0,Gameweek 3,2024
21,Volos NFC,AEK Athens,Home,Against,1,8,16,1,15,4,20,13,0,8,0,Gameweek 3,2024
22,AEK Athens,Volos NFC,Away,For,1,8,16,1,15,4,20,13,0,8,0,Gameweek 3,2024
23,AEK Athens,Volos NFC,Away,Against,0,3,22,4,8,6,9,13,2,5,0,Gameweek 3,2024
24,PAS Giannina,Panathinaikos,Home,For,0,2,11,6,10,8,13,25,3,3,1,Gameweek 3,2024
25,PAS Giannina,Panathinaikos,Home,Against,0,8,20,2,11,11,20,14,0,2,0,Gameweek 3,2024
26,Panathinaikos,PAS Giannina,Away,For,0,8,20,2,11,11,20,14,0,2,0,Gameweek 3,2024
27,Panathinaikos,PAS Giannina,Away,Against,0,2,11,6,10,8,13,25,3,3,1,Gameweek 3,2024
0,PAS Lamia 1964,OFI Crete,Home,For,0,6,7,1,6,5,24,15,1,1,1,Gameweek 4,2024
1,PAS Lamia 1964,OFI Crete,Home,Against,0,7,15,3,11,5,21,21,1,4,2,Gameweek 4,2024
2,OFI Crete,PAS Lamia 1964,Away,For,0,7,15,3,11,5,21,21,1,4,2,Gameweek 4,2024
3,OFI Crete,PAS Lamia 1964,Away,Against,0,6,7,1,6,5,24,15,1,1,1,Gameweek 4,2024
4,Panetolikos,Panathinaikos,Home,For,0,3,11,2,10,10,11,6,0,3,0,Gameweek 4,2024
5,Panetolikos,Panathinaikos,Home,Against,0,6,13,1,19,7,14,11,0,9,1,Gameweek 4,2024
6,Panathinaikos,Panetolikos,Away,For,0,6,13,1,19,7,14,11,0,9,1,Gameweek 4,2024
7,Panathinaikos,Panetolikos,Away,Against,0,3,11,2,10,10,11,6,0,3,0,Gameweek 4,2024
8,Asteras Tripolis,PAS Giannina,Home,For,0,8,15,2,13,2,22,15,0,6,1,Gameweek 4,2024
9,Asteras Tripolis,PAS Giannina,Home,Against,0,1,13,3,7,10,17,19,1,6,0,Gameweek 4,2024
10,PAS Giannina,Asteras Tripolis,Away,For,0,1,13,3,7,10,17,19,1,6,0,Gameweek 4,2024
11,PAS Giannina,Asteras Tripolis,Away,Against,0,8,15,2,13,2,22,15,0,6,1,Gameweek 4,2024
12,A.E. Kifisia FC,Panserraikos,Home,For,0,3,15,4,20,5,29,6,1,6,2,Gameweek 4,2024
13,A.E. Kifisia FC,Panserraikos,Home,Against,1,3,22,5,8,15,20,20,3,3,4,Gameweek 4,2024
14,Panserraikos,A.E. Kifisia FC,Away,For,1,3,22,5,8,15,20,20,3,3,4,Gameweek 4,2024
15,Panserraikos,A.E. Kifisia FC,Away,Against,0,3,15,4,20,5,29,6,1,6,2,Gameweek 4,2024
16,PAOK,Aris Thessaloniki,Home,For,0,7,17,4,"1    11
9    11
Name: homeValue, dtype: int64",5,20,10,1,3,3,Gameweek 4,2024
17,PAOK,Aris Thessaloniki,Home,Against,0,1,12,3,"1    8
9    8
Name: awayValue, dtype: int64",7,14,18,2,3,2,Gameweek 4,2024
18,Aris Thessaloniki,PAOK,Away,For,0,1,12,3,"1    8
9    8
Name: awayValue, dtype: int64",7,14,18,2,3,2,Gameweek 4,2024
19,Aris Thessaloniki,PAOK,Away,Against,0,7,17,4,"1    11
9    11
Name: homeValue, dtype: int64",5,20,10,1,3,3,Gameweek 4,2024
20,AEK Athens,Olympiacos FC,Home,For,0,5,14,2,10,3,26,12,1,3,0,Gameweek 4,2024
21,AEK Athens,Olympiacos FC,Home,Against,0,5,22,4,9,4,19,15,1,2,2,Gameweek 4,2024
22,Olympiacos FC,AEK Athens,Away,For,0,5,22,4,9,4,19,15,1,2,2,Gameweek 4,2024
23,Olympiacos FC,AEK Athens,Away,Against,0,5,14,2,10,3,26,12,1,3,0,Gameweek 4,2024
24,Atromitos Athens,Volos NFC,Home,For,0,4,16,3,12,12,19,13,1,2,1,Gameweek 4,2024
25,Atromitos Athens,Volos NFC,Home,Against,0,1,20,2,10,9,9,15,1,1,3,Gameweek 4,2024
26,Volos NFC,Atromitos Athens,Away,For,0,1,20,2,10,9,9,15,1,1,3,Gameweek 4,2024
27,Volos NFC,Atromitos Athens,Away,Against,0,4,16,3,12,12,19,13,1,2,1,Gameweek 4,2024
0,OFI Crete,Atromitos Athens,Home,For,0,8,14,3,19,6,12,13,1,5,0,Gameweek 5,2024
1,OFI Crete,Atromitos Athens,Home,Against,0,4,19,4,13,16,9,15,1,4,3,Gameweek 5,2024
2,Atromitos Athens,OFI Crete,Away,For,0,4,19,4,13,16,9,15,1,4,3,Gameweek 5,2024
3,Atromitos Athens,OFI Crete,Away,Against,0,8,14,3,19,6,12,13,1,5,0,Gameweek 5,2024
4,Panserraikos,PAS Lamia 1964,Home,For,0,3,17,1,14,2,22,14,0,7,2,Gameweek 5,2024
5,Panserraikos,PAS Lamia 1964,Home,Against,0,1,20,2,5,9,22,15,0,1,3,Gameweek 5,2024
6,PAS Lamia 1964,Panserraikos,Away,For,0,1,20,2,5,9,22,15,0,1,3,Gameweek 5,2024
7,PAS Lamia 1964,Panserraikos,Away,Against,0,3,17,1,14,2,22,14,0,7,2,Gameweek 5,2024
8,Olympiacos FC,A.E. Kifisia FC,Home,For,0,7,18,1,13,5,16,12,0,7,4,Gameweek 5,2024
9,Olympiacos FC,A.E. Kifisia FC,Home,Against,0,1,13,2,9,8,9,11,1,2,1,Gameweek 5,2024
10,A.E. Kifisia FC,Olympiacos FC,Away,For,0,1,13,2,9,8,9,11,1,2,1,Gameweek 5,2024
11,A.E. Kifisia FC,Olympiacos FC,Away,Against,0,7,18,1,13,5,16,12,0,7,4,Gameweek 5,2024
12,Aris Thessaloniki,Panetolikos,Home,For,0,6,10,0,20,3,17,14,0,7,1,Gameweek 5,2024
13,Aris Thessaloniki,Panetolikos,Home,Against,0,5,8,2,9,11,10,14,0,6,1,Gameweek 5,2024
14,Panetolikos,Aris Thessaloniki,Away,For,0,5,8,2,9,11,10,14,0,6,1,Gameweek 5,2024
15,Panetolikos,Aris Thessaloniki,Away,Against,0,6,10,0,20,3,17,14,0,7,1,Gameweek 5,2024
16,Volos NFC,Asteras Tripolis,Home,For,0,1,18,4,13,10,21,9,2,7,4,Gameweek 5,2024
17,Volos NFC,Asteras Tripolis,Home,Against,0,5,19,3,15,4,17,11,1,6,0,Gameweek 5,2024
18,Asteras Tripolis,Volos NFC,Away,For,0,5,19,3,15,4,17,11,1,6,0,Gameweek 5,2024
19,Asteras Tripolis,Volos NFC,Away,Against,0,1,18,4,13,10,21,9,2,7,4,Gameweek 5,2024
20,PAS Giannina,PAOK,Home,For,0,8,10,4,13,7,23,8,0,4,2,Gameweek 5,2024
21,PAS Giannina,PAOK,Home,Against,0,6,9,2,10,10,20,13,1,4,0,Gameweek 5,2024
22,PAOK,PAS Giannina,Away,For,0,6,9,2,10,10,20,13,1,4,0,Gameweek 5,2024
23,PAOK,PAS Giannina,Away,Against,0,8,10,4,13,7,23,8,0,4,2,Gameweek 5,2024
24,Panathinaikos,AEK Athens,Home,For,0,6,13,3,10,9,28,22,2,4,1,Gameweek 5,2024
25,Panathinaikos,AEK Athens,Home,Against,0,6,21,4,16,7,13,19,2,5,1,Gameweek 5,2024
26,AEK Athens,Panathinaikos,Away,For,0,6,21,4,16,7,13,19,2,5,1,Gameweek 5,2024
27,AEK Athens,Panathinaikos,Away,Against,0,6,13,3,10,9,28,22,2,4,1,Gameweek 5,2024
0,Panetolikos,OFI Crete,Home,For,0,3,8,2,18,13,21,13,0,6,3,Gameweek 6,2024
1,Panetolikos,OFI Crete,Home,Against,0,7,13,2,21,12,18,15,0,9,2,Gameweek 6,2024
2,OFI Crete,Panetolikos,Away,For,0,7,13,2,21,12,18,15,0,9,2,Gameweek 6,2024
3,OFI Crete,Panetolikos,Away,Against,0,3,8,2,18,13,21,13,0,6,3,Gameweek 6,2024
4,A.E. Kifisia FC,PAS Lamia 1964,Home,For,1,5,15,4,21,8,20,14,1,5,0,Gameweek 6,2024
5,A.E. Kifisia FC,PAS Lamia 1964,Home,Against,0,8,12,3,10,11,19,25,2,3,1,Gameweek 6,2024
6,PAS Lamia 1964,A.E. Kifisia FC,Away,For,0,8,12,3,10,11,19,25,2,3,1,Gameweek 6,2024
7,PAS Lamia 1964,A.E. Kifisia FC,Away,Against,1,5,15,4,21,8,20,14,1,5,0,Gameweek 6,2024
8,Olympiacos FC,Aris Thessaloniki,Home,For,0,8,17,2,20,3,20,21,1,6,0,Gameweek 6,2024
9,Olympiacos FC,Aris Thessaloniki,Home,Against,0,1,8,0,7,9,24,19,0,1,1,Gameweek 6,2024
10,Aris Thessaloniki,Olympiacos FC,Away,For,0,1,8,0,7,9,24,19,0,1,1,Gameweek 6,2024
11,Aris Thessaloniki,Olympiacos FC,Away,Against,0,8,17,2,20,3,20,21,1,6,0,Gameweek 6,2024
12,PAOK,Volos NFC,Home,For,0,5,13,0,17,6,21,13,0,10,2,Gameweek 6,2024
13,PAOK,Volos NFC,Home,Against,0,3,12,1,5,10,16,14,1,2,2,Gameweek 6,2024
14,Volos NFC,PAOK,Away,For,0,3,12,1,5,10,16,14,1,2,2,Gameweek 6,2024
15,Volos NFC,PAOK,Away,Against,0,5,13,0,17,6,21,13,0,10,2,Gameweek 6,2024
16,Panserraikos,PAS Giannina,Home,For,0,4,10,5,13,6,23,15,0,5,2,Gameweek 6,2024
17,Panserraikos,PAS Giannina,Home,Against,1,4,12,3,5,7,29,10,1,3,3,Gameweek 6,2024
18,PAS Giannina,Panserraikos,Away,For,1,4,12,3,5,7,29,10,1,3,3,Gameweek 6,2024
19,PAS Giannina,Panserraikos,Away,Against,0,4,10,5,13,6,23,15,0,5,2,Gameweek 6,2024
20,Asteras Tripolis,Panathinaikos,Home,For,0,2,13,3,9,3,19,15,1,4,0,Gameweek 6,2024
21,Asteras Tripolis,Panathinaikos,Home,Against,0,4,8,1,12,7,17,11,0,9,2,Gameweek 6,2024
22,Panathinaikos,Asteras Tripolis,Away,For,0,4,8,1,12,7,17,11,0,9,2,Gameweek 6,2024
23,Panathinaikos,Asteras Tripolis,Away,Against,0,2,13,3,9,3,19,15,1,4,0,Gameweek 6,2024
24,AEK Athens,Atromitos Athens,Home,For,1,6,11,2,21,1,19,15,0,7,2,Gameweek 6,2024
25,AEK Athens,Atromitos Athens,Home,Against,0,1,14,4,6,15,11,15,3,4,2,Gameweek 6,2024
26,Atromitos Athens,AEK Athens,Away,For,0,1,14,4,6,15,11,15,3,4,2,Gameweek 6,2024
27,Atromitos Athens,AEK Athens,Away,Against,1,6,11,2,21,1,19,15,0,7,2,Gameweek 6,2024
0,PAS Lamia 1964,Panetolikos,Home,For,0,2,16,2,7,11,20,20,1,3,3,Gameweek 7,2024
1,PAS Lamia 1964,Panetolikos,Home,Against,0,5,18,4,10,6,26,21,1,1,0,Gameweek 7,2024
2,Panetolikos,PAS Lamia 1964,Away,For,0,5,18,4,10,6,26,21,1,1,0,Gameweek 7,2024
3,Panetolikos,PAS Lamia 1964,Away,Against,0,2,16,2,7,11,20,20,1,3,3,Gameweek 7,2024
4,Aris Thessaloniki,A.E. Kifisia FC,Home,For,0,6,14,2,14,5,10,16,0,7,1,Gameweek 7,2024
5,Aris Thessaloniki,A.E. Kifisia FC,Home,Against,0,3,20,7,14,11,25,19,1,3,0,Gameweek 7,2024
6,A.E. Kifisia FC,Aris Thessaloniki,Away,For,0,3,20,7,14,11,25,19,1,3,0,Gameweek 7,2024
7,A.E. Kifisia FC,Aris Thessaloniki,Away,Against,0,6,14,2,14,5,10,16,0,7,1,Gameweek 7,2024
8,Panathinaikos,PAOK,Home,For,0,7,10,2,24,4,25,18,0,12,2,Gameweek 7,2024
9,Panathinaikos,PAOK,Home,Against,0,2,13,4,6,14,10,17,2,3,1,Gameweek 7,2024
10,PAOK,Panathinaikos,Away,For,0,2,13,4,6,14,10,17,2,3,1,Gameweek 7,2024
11,PAOK,Panathinaikos,Away,Against,0,7,10,2,24,4,25,18,0,12,2,Gameweek 7,2024
12,PAS Giannina,Olympiacos FC,Home,For,0,2,10,3,5,13,17,8,3,0,2,Gameweek 7,2024
13,PAS Giannina,Olympiacos FC,Home,Against,0,6,15,2,26,5,22,10,1,8,1,Gameweek 7,2024
14,Olympiacos FC,PAS Giannina,Away,For,0,6,15,2,26,5,22,10,1,8,1,Gameweek 7,2024
15,Olympiacos FC,PAS Giannina,Away,Against,0,2,10,3,5,13,17,8,3,0,2,Gameweek 7,2024
16,Atromitos Athens,Asteras Tripolis,Home,For,1,4,8,1,8,6,18,4,1,1,2,Gameweek 7,2024
17,Atromitos Athens,Asteras Tripolis,Home,Against,0,5,22,5,11,6,13,12,2,4,4,Gameweek 7,2024
18,Asteras Tripolis,Atromitos Athens,Away,For,0,5,22,5,11,6,13,12,2,4,4,Gameweek 7,2024
19,Asteras Tripolis,Atromitos Athens,Away,Against,1,4,8,1,8,6,18,4,1,1,2,Gameweek 7,2024
20,OFI Crete,AEK Athens,Home,For,0,2,9,4,8,14,20,21,1,5,2,Gameweek 7,2024
21,OFI Crete,AEK Athens,Home,Against,0,4,19,3,14,3,30,10,0,3,2,Gameweek 7,2024
22,AEK Athens,OFI Crete,Away,For,0,4,19,3,14,3,30,10,0,3,2,Gameweek 7,2024
23,AEK Athens,OFI Crete,Away,Against,0,2,9,4,8,14,20,21,1,5,2,Gameweek 7,2024
24,Volos NFC,Panserraikos,Home,For,0,3,21,2,11,8,25,11,2,3,2,Gameweek 7,2024
25,Volos NFC,Panserraikos,Home,Against,0,5,19,4,10,9,26,11,1,3,2,Gameweek 7,2024
26,Panserraikos,Volos NFC,Away,For,0,5,19,4,10,9,26,11,1,3,2,Gameweek 7,2024
27,Panserraikos,Volos NFC,Away,Against,0,3,21,2,11,8,25,11,2,3,2,Gameweek 7,2024
0,PAS Lamia 1964,PAS Giannina,Home,For,0,4,17,3,15,11,24,9,1,6,2,Gameweek 8,2024
1,PAS Lamia 1964,PAS Giannina,Home,Against,0,3,15,3,12,5,20,8,2,2,0,Gameweek 8,2024
2,PAS Giannina,PAS Lamia 1964,Away,For,0,3,15,3,12,5,20,8,2,2,0,Gameweek 8,2024
3,PAS Giannina,PAS Lamia 1964,Away,Against,0,4,17,3,15,11,24,9,1,6,2,Gameweek 8,2024
4,Panetolikos,Volos NFC,Home,For,0,3,19,2,15,8,18,16,1,7,0,Gameweek 8,2024
5,Panetolikos,Volos NFC,Home,Against,0,6,12,3,13,8,20,8,1,0,4,Gameweek 8,2024
6,Volos NFC,Panetolikos,Away,For,0,6,12,3,13,8,20,8,1,0,4,Gameweek 8,2024
7,Volos NFC,Panetolikos,Away,Against,0,3,19,2,15,8,18,16,1,7,0,Gameweek 8,2024
8,Aris Thessaloniki,Panserraikos,Home,For,0,8,17,3,23,7,22,10,1,7,3,Gameweek 8,2024
9,Aris Thessaloniki,Panserraikos,Home,Against,0,2,22,6,8,14,19,11,4,1,1,Gameweek 8,2024
10,Panserraikos,Aris Thessaloniki,Away,For,0,2,22,6,8,14,19,11,4,1,1,Gameweek 8,2024
11,Panserraikos,Aris Thessaloniki,Away,Against,0,8,17,3,23,7,22,10,1,7,3,Gameweek 8,2024
12,A.E. Kifisia FC,OFI Crete,Home,For,1,5,11,2,12,9,37,15,1,2,3,Gameweek 8,2024
13,A.E. Kifisia FC,OFI Crete,Home,Against,0,4,16,6,9,9,21,24,2,4,4,Gameweek 8,2024
14,OFI Crete,A.E. Kifisia FC,Away,For,0,4,16,6,9,9,21,24,2,4,4,Gameweek 8,2024
15,OFI Crete,A.E. Kifisia FC,Away,Against,1,5,11,2,12,9,37,15,1,2,3,Gameweek 8,2024
16,Asteras Tripolis,AEK Athens,Home,For,1,2,9,6,5,13,9,21,4,1,0,Gameweek 8,2024
17,Asteras Tripolis,AEK Athens,Home,Against,0,3,11,5,20,8,13,11,2,6,2,Gameweek 8,2024
18,AEK Athens,Asteras Tripolis,Away,For,0,3,11,5,20,8,13,11,2,6,2,Gameweek 8,2024
19,AEK Athens,Asteras Tripolis,Away,Against,1,2,9,6,5,13,9,21,4,1,0,Gameweek 8,2024
20,PAOK,Atromitos Athens,Home,For,0,8,15,3,20,3,22,16,0,7,5,Gameweek 8,2024
21,PAOK,Atromitos Athens,Home,Against,0,1,13,3,7,6,12,13,1,3,2,Gameweek 8,2024
22,Atromitos Athens,PAOK,Away,For,0,1,13,3,7,6,12,13,1,3,2,Gameweek 8,2024
23,Atromitos Athens,PAOK,Away,Against,0,8,15,3,20,3,22,16,0,7,5,Gameweek 8,2024
0,Volos NFC,A.E. Kifisia FC,Home,For,0,4,12,4,14,3,19,20,1,7,2,Gameweek 9,2024
1,Volos NFC,A.E. Kifisia FC,Home,Against,2,8,19,6,9,10,16,13,2,2,2,Gameweek 9,2024
2,A.E. Kifisia FC,Volos NFC,Away,For,2,8,19,6,9,10,16,13,2,2,2,Gameweek 9,2024
3,A.E. Kifisia FC,Volos NFC,Away,Against,0,4,12,4,14,3,19,20,1,7,2,Gameweek 9,2024
4,Atromitos Athens,Panetolikos,Home,For,0,1,22,2,12,6,17,12,1,5,3,Gameweek 9,2024
5,Atromitos Athens,Panetolikos,Home,Against,1,2,16,2,7,7,27,15,0,4,0,Gameweek 9,2024
6,Panetolikos,Atromitos Athens,Away,For,1,2,16,2,7,7,27,15,0,4,0,Gameweek 9,2024
7,Panetolikos,Atromitos Athens,Away,Against,0,1,22,2,12,6,17,12,1,5,3,Gameweek 9,2024
8,Asteras Tripolis,PAS Lamia 1964,Home,For,0,5,14,2,13,7,28,17,0,3,1,Gameweek 9,2024
9,Asteras Tripolis,PAS Lamia 1964,Home,Against,0,2,10,3,10,6,21,11,1,3,5,Gameweek 9,2024
10,PAS Lamia 1964,Asteras Tripolis,Away,For,0,2,10,3,10,6,21,11,1,3,5,Gameweek 9,2024
11,PAS Lamia 1964,Asteras Tripolis,Away,Against,0,5,14,2,13,7,28,17,0,3,1,Gameweek 9,2024
12,Panathinaikos,Panserraikos,Home,For,0,7,22,2,18,6,17,15,0,6,1,Gameweek 9,2024
13,Panathinaikos,Panserraikos,Home,Against,1,1,13,4,8,2,15,15,4,1,1,Gameweek 9,2024
14,Panserraikos,Panathinaikos,Away,For,1,1,13,4,8,2,15,15,4,1,1,Gameweek 9,2024
15,Panserraikos,Panathinaikos,Away,Against,0,7,22,2,18,6,17,15,0,6,1,Gameweek 9,2024
16,Aris Thessaloniki,PAS Giannina,Home,For,0,6,11,4,19,7,20,11,2,6,1,Gameweek 9,2024
17,Aris Thessaloniki,PAS Giannina,Home,Against,1,1,9,2,3,12,20,13,0,0,1,Gameweek 9,2024
18,PAS Giannina,Aris Thessaloniki,Away,For,1,1,9,2,3,12,20,13,0,0,1,Gameweek 9,2024
19,PAS Giannina,Aris Thessaloniki,Away,Against,0,6,11,4,19,7,20,11,2,6,1,Gameweek 9,2024
20,AEK Athens,PAOK,Home,For,0,5,14,4,14,6,15,15,1,4,0,Gameweek 9,2024
21,AEK Athens,PAOK,Home,Against,0,2,9,5,4,8,23,14,2,2,3,Gameweek 9,2024
22,PAOK,AEK Athens,Away,For,0,2,9,5,4,8,23,14,2,2,3,Gameweek 9,2024
23,PAOK,AEK Athens,Away,Against,0,5,14,4,14,6,15,15,1,4,0,Gameweek 9,2024
24,OFI Crete,Olympiacos FC,Home,For,0,2,7,1,3,12,17,19,0,0,0,Gameweek 9,2024
25,OFI Crete,Olympiacos FC,Home,Against,0,3,18,3,15,7,23,13,0,4,3,Gameweek 9,2024
26,Olympiacos FC,OFI Crete,Away,For,0,3,18,3,15,7,23,13,0,4,3,Gameweek 9,2024
27,Olympiacos FC,OFI Crete,Away,Against,0,2,7,1,3,12,17,19,0,0,0,Gameweek 9,2024
0,AEK Athens,PAS Lamia 1964,Home,For,0,9,12,1,22,3,20,23,0,6,4,Playoff-Playout Round 10,2024
1,AEK Athens,PAS Lamia 1964,Home,Against,0,5,12,1,5,20,16,15,1,1,0,Playoff-Playout Round 10,2024
2,PAS Lamia 1964,AEK Athens,Away,For,0,5,12,1,5,20,16,15,1,1,0,Playoff-Playout Round 10,2024
3,PAS Lamia 1964,AEK Athens,Away,Against,0,9,12,1,22,3,20,23,0,6,4,Playoff-Playout Round 10,2024
4,Aris Thessaloniki,PAOK,Home,For,0,1,13,4,16,4,21,11,1,3,2,Playoff-Playout Round 10,2024
5,Aris Thessaloniki,PAOK,Home,Against,1,2,15,4,5,8,26,18,1,2,0,Playoff-Playout Round 10,2024
6,PAOK,Aris Thessaloniki,Away,For,1,2,15,4,5,8,26,18,1,2,0,Playoff-Playout Round 10,2024
7,PAOK,Aris Thessaloniki,Away,Against,0,1,13,4,16,4,21,11,1,3,2,Playoff-Playout Round 10,2024
8,Panathinaikos,Olympiacos FC,Home,For,0,8,13,3,13,7,17,21,1,5,1,Playoff-Playout Round 10,2024
9,Panathinaikos,Olympiacos FC,Home,Against,1,2,15,5,14,4,28,12,0,4,0,Playoff-Playout Round 10,2024
10,Olympiacos FC,Panathinaikos,Away,For,1,2,15,5,14,4,28,12,0,4,0,Playoff-Playout Round 10,2024
11,Olympiacos FC,Panathinaikos,Away,Against,0,8,13,3,13,7,17,21,1,5,1,Playoff-Playout Round 10,2024
0,PAS Lamia 1964,AEK Athens,Home,For,0,1,14,4,2,12,17,21,2,0,0,Playoff-Playout Round 1,2024
1,PAS Lamia 1964,AEK Athens,Home,Against,0,12,11,1,20,3,22,11,0,7,1,Playoff-Playout Round 1,2024
2,AEK Athens,PAS Lamia 1964,Away,For,0,12,11,1,20,3,22,11,0,7,1,Playoff-Playout Round 1,2024
3,AEK Athens,PAS Lamia 1964,Away,Against,0,1,14,4,2,12,17,21,2,0,0,Playoff-Playout Round 1,2024
4,Olympiacos FC,Panathinaikos,Home,For,0,8,13,5,11,5,27,27,2,3,0,Playoff-Playout Round 1,2024
5,Olympiacos FC,Panathinaikos,Home,Against,0,5,10,3,13,12,21,14,0,7,2,Playoff-Playout Round 1,2024
6,Panathinaikos,Olympiacos FC,Away,For,0,5,10,3,13,12,21,14,0,7,2,Playoff-Playout Round 1,2024
7,Panathinaikos,Olympiacos FC,Away,Against,0,8,13,5,11,5,27,27,2,3,0,Playoff-Playout Round 1,2024
8,PAOK,Aris Thessaloniki,Home,For,0,7,13,2,"1    12
9    12
Name: homeValue, dtype: int64",4,31,13,0,3,3,Playoff-Playout Round 1,2024
9,PAOK,Aris Thessaloniki,Home,Against,0,1,12,3,"1    7
9    7
Name: awayValue, dtype: int64",15,13,25,0,3,1,Playoff-Playout Round 1,2024
10,Aris Thessaloniki,PAOK,Away,For,0,1,12,3,"1    7
9    7
Name: awayValue, dtype: int64",15,13,25,0,3,1,Playoff-Playout Round 1,2024
11,Aris Thessaloniki,PAOK,Away,Against,0,7,13,2,"1    12
9    12
Name: homeValue, dtype: int64",4,31,13,0,3,3,Playoff-Playout Round 1,2024
12,Asteras Tripolis,Volos NFC,Home,For,0,4,14,2,"1    8
9    8
Name: homeValue, dtype: int64",5,18,8,0,3,0,Playoff-Playout Round 1,2024
13,Asteras Tripolis,Volos NFC,Home,Against,0,5,15,3,"1    10
9    10
Name: awayValue, dtype: int64",6,17,22,0,4,3,Playoff-Playout Round 1,2024
14,Volos NFC,Asteras Tripolis,Away,For,0,5,15,3,"1    10
9    10
Name: awayValue, dtype: int64",6,17,22,0,4,3,Playoff-Playout Round 1,2024
15,Volos NFC,Asteras Tripolis,Away,Against,0,4,14,2,"1    8
9    8
Name: homeValue, dtype: int64",5,18,8,0,3,0,Playoff-Playout Round 1,2024
16,A.E. Kifisia FC,OFI Crete,Home,For,0,5,8,2,15,7,18,10,0,4,2,Playoff-Playout Round 1,2024
17,A.E. Kifisia FC,OFI Crete,Home,Against,0,8,15,3,12,9,27,12,1,4,3,Playoff-Playout Round 1,2024
18,OFI Crete,A.E. Kifisia FC,Away,For,0,8,15,3,12,9,27,12,1,4,3,Playoff-Playout Round 1,2024
19,OFI Crete,A.E. Kifisia FC,Away,Against,0,5,8,2,15,7,18,10,0,4,2,Playoff-Playout Round 1,2024
20,Atromitos Athens,PAS Giannina,Home,For,0,2,12,1,8,7,17,13,0,6,0,Playoff-Playout Round 1,2024
21,Atromitos Athens,PAS Giannina,Home,Against,0,6,13,2,17,4,26,9,1,5,5,Playoff-Playout Round 1,2024
22,PAS Giannina,Atromitos Athens,Away,For,0,6,13,2,17,4,26,9,1,5,5,Playoff-Playout Round 1,2024
23,PAS Giannina,Atromitos Athens,Away,Against,0,2,12,1,8,7,17,13,0,6,0,Playoff-Playout Round 1,2024
24,Panetolikos,Panserraikos,Home,For,0,3,14,3,15,7,16,11,1,9,1,Playoff-Playout Round 1,2024
25,Panetolikos,Panserraikos,Home,Against,0,4,22,3,8,7,9,13,1,1,2,Playoff-Playout Round 1,2024
26,Panserraikos,Panetolikos,Away,For,0,4,22,3,8,7,9,13,1,1,2,Playoff-Playout Round 1,2024
27,Panserraikos,Panetolikos,Away,Against,0,3,14,3,15,7,16,11,1,9,1,Playoff-Playout Round 1,2024
0,Panserraikos,Asteras Tripolis,Home,For,0,2,14,3,9,10,27,9,1,3,2,Playoff-Playout Round 2,2024
1,Panserraikos,Asteras Tripolis,Home,Against,0,3,18,7,12,6,23,12,2,1,1,Playoff-Playout Round 2,2024
2,Asteras Tripolis,Panserraikos,Away,For,0,3,18,7,12,6,23,12,2,1,1,Playoff-Playout Round 2,2024
3,Asteras Tripolis,Panserraikos,Away,Against,0,2,14,3,9,10,27,9,1,3,2,Playoff-Playout Round 2,2024
4,Volos NFC,A.E. Kifisia FC,Home,For,1,7,24,5,15,10,13,23,0,9,6,Playoff-Playout Round 2,2024
5,Volos NFC,A.E. Kifisia FC,Home,Against,0,2,10,4,17,5,18,14,1,9,1,Playoff-Playout Round 2,2024
6,A.E. Kifisia FC,Volos NFC,Away,For,0,2,10,4,17,5,18,14,1,9,1,Playoff-Playout Round 2,2024
7,A.E. Kifisia FC,Volos NFC,Away,Against,1,7,24,5,15,10,13,23,0,9,6,Playoff-Playout Round 2,2024
8,PAS Giannina,Panetolikos,Home,For,0,3,15,1,12,7,27,11,0,4,1,Playoff-Playout Round 2,2024
9,PAS Giannina,Panetolikos,Home,Against,0,2,20,1,12,10,17,13,1,4,2,Playoff-Playout Round 2,2024
10,Panetolikos,PAS Giannina,Away,For,0,2,20,1,12,10,17,13,1,4,2,Playoff-Playout Round 2,2024
11,Panetolikos,PAS Giannina,Away,Against,0,3,15,1,12,7,27,11,0,4,1,Playoff-Playout Round 2,2024
12,OFI Crete,Atromitos Athens,Home,For,0,5,9,3,19,7,21,14,1,4,0,Playoff-Playout Round 2,2024
13,OFI Crete,Atromitos Athens,Home,Against,0,3,17,5,12,17,15,13,1,3,0,Playoff-Playout Round 2,2024
14,Atromitos Athens,OFI Crete,Away,For,0,3,17,5,12,17,15,13,1,3,0,Playoff-Playout Round 2,2024
15,Atromitos Athens,OFI Crete,Away,Against,0,5,9,3,19,7,21,14,1,4,0,Playoff-Playout Round 2,2024
16,Panathinaikos,PAOK,Home,For,1,6,6,1,18,5,27,11,0,7,2,Playoff-Playout Round 2,2024
17,Panathinaikos,PAOK,Home,Against,0,4,17,6,13,8,18,23,2,10,1,Playoff-Playout Round 2,2024
18,PAOK,Panathinaikos,Away,For,0,4,17,6,13,8,18,23,2,10,1,Playoff-Playout Round 2,2024
19,PAOK,Panathinaikos,Away,Against,1,6,6,1,18,5,27,11,0,7,2,Playoff-Playout Round 2,2024
20,AEK Athens,Olympiacos FC,Home,For,0,2,15,3,11,7,19,19,0,5,1,Playoff-Playout Round 2,2024
21,AEK Athens,Olympiacos FC,Home,Against,0,4,17,5,14,5,19,23,2,6,1,Playoff-Playout Round 2,2024
22,Olympiacos FC,AEK Athens,Away,For,0,4,17,5,14,5,19,23,2,6,1,Playoff-Playout Round 2,2024
23,Olympiacos FC,AEK Athens,Away,Against,0,2,15,3,11,7,19,19,0,5,1,Playoff-Playout Round 2,2024
24,Aris Thessaloniki,PAS Lamia 1964,Home,For,0,13,16,3,21,4,20,25,2,9,4,Playoff-Playout Round 2,2024
25,Aris Thessaloniki,PAS Lamia 1964,Home,Against,0,4,11,3,11,7,12,16,3,1,0,Playoff-Playout Round 2,2024
26,PAS Lamia 1964,Aris Thessaloniki,Away,For,0,4,11,3,11,7,12,16,3,1,0,Playoff-Playout Round 2,2024
27,PAS Lamia 1964,Aris Thessaloniki,Away,Against,0,13,16,3,21,4,20,25,2,9,4,Playoff-Playout Round 2,2024
0,Olympiacos FC,Aris Thessaloniki,Home,For,0,9,11,2,20,7,17,24,0,9,4,Playoff-Playout Round 3,2024
1,Olympiacos FC,Aris Thessaloniki,Home,Against,0,0,6,2,6,5,16,15,2,0,2,Playoff-Playout Round 3,2024
2,Aris Thessaloniki,Olympiacos FC,Away,For,0,0,6,2,6,5,16,15,2,0,2,Playoff-Playout Round 3,2024
3,Aris Thessaloniki,Olympiacos FC,Away,Against,0,9,11,2,20,7,17,24,0,9,4,Playoff-Playout Round 3,2024
4,PAOK,PAS Lamia 1964,Home,For,0,13,4,0,18,5,28,18,0,7,2,Playoff-Playout Round 3,2024
5,PAOK,PAS Lamia 1964,Home,Against,0,3,17,3,6,4,17,21,0,1,3,Playoff-Playout Round 3,2024
6,PAS Lamia 1964,PAOK,Away,For,0,3,17,3,6,4,17,21,0,1,3,Playoff-Playout Round 3,2024
7,PAS Lamia 1964,PAOK,Away,Against,0,13,4,0,18,5,28,18,0,7,2,Playoff-Playout Round 3,2024
8,Panathinaikos,AEK Athens,Home,For,0,1,12,4,11,14,8,15,0,5,2,Playoff-Playout Round 3,2024
9,Panathinaikos,AEK Athens,Home,Against,0,11,12,3,19,2,15,13,2,5,0,Playoff-Playout Round 3,2024
10,AEK Athens,Panathinaikos,Away,For,0,11,12,3,19,2,15,13,2,5,0,Playoff-Playout Round 3,2024
11,AEK Athens,Panathinaikos,Away,Against,0,1,12,4,11,14,8,15,0,5,2,Playoff-Playout Round 3,2024
12,Atromitos Athens,Panserraikos,Home,For,0,5,17,6,10,3,24,12,2,2,0,Playoff-Playout Round 3,2024
13,Atromitos Athens,Panserraikos,Home,Against,0,1,20,3,10,6,22,16,1,4,2,Playoff-Playout Round 3,2024
14,Panserraikos,Atromitos Athens,Away,For,0,1,20,3,10,6,22,16,1,4,2,Playoff-Playout Round 3,2024
15,Panserraikos,Atromitos Athens,Away,Against,0,5,17,6,10,3,24,12,2,2,0,Playoff-Playout Round 3,2024
16,Asteras Tripolis,A.E. Kifisia FC,Home,For,0,4,22,5,12,8,23,9,1,3,2,Playoff-Playout Round 3,2024
17,Asteras Tripolis,A.E. Kifisia FC,Home,Against,1,3,16,3,8,9,7,10,0,4,2,Playoff-Playout Round 3,2024
18,A.E. Kifisia FC,Asteras Tripolis,Away,For,1,3,16,3,8,9,7,10,0,4,2,Playoff-Playout Round 3,2024
19,A.E. Kifisia FC,Asteras Tripolis,Away,Against,0,4,22,5,12,8,23,9,1,3,2,Playoff-Playout Round 3,2024
20,Panetolikos,Volos NFC,Home,For,1,9,18,4,18,7,16,8,1,2,1,Playoff-Playout Round 3,2024
21,Panetolikos,Volos NFC,Home,Against,1,3,23,2,7,14,12,10,1,1,2,Playoff-Playout Round 3,2024
22,Volos NFC,Panetolikos,Away,For,1,3,23,2,7,14,12,10,1,1,2,Playoff-Playout Round 3,2024
23,Volos NFC,Panetolikos,Away,Against,1,9,18,4,18,7,16,8,1,2,1,Playoff-Playout Round 3,2024
24,OFI Crete,PAS Giannina,Home,For,0,6,17,0,21,8,25,15,0,8,2,Playoff-Playout Round 3,2024
25,OFI Crete,PAS Giannina,Home,Against,1,2,10,3,12,14,14,10,0,4,1,Playoff-Playout Round 3,2024
26,PAS Giannina,OFI Crete,Away,For,1,2,10,3,12,14,14,10,0,4,1,Playoff-Playout Round 3,2024
27,PAS Giannina,OFI Crete,Away,Against,0,6,17,0,21,8,25,15,0,8,2,Playoff-Playout Round 3,2024
0,PAS Lamia 1964,Olympiacos FC,Home,For,0,2,13,1,9,6,13,22,0,2,1,Playoff-Playout Round 4,2024
1,PAS Lamia 1964,Olympiacos FC,Home,Against,0,4,18,1,19,6,29,20,1,10,2,Playoff-Playout Round 4,2024
2,Olympiacos FC,PAS Lamia 1964,Away,For,0,4,18,1,19,6,29,20,1,10,2,Playoff-Playout Round 4,2024
3,Olympiacos FC,PAS Lamia 1964,Away,Against,0,2,13,1,9,6,13,22,0,2,1,Playoff-Playout Round 4,2024
4,Aris Thessaloniki,Panathinaikos,Home,For,0,8,16,2,23,7,16,19,1,5,0,Playoff-Playout Round 4,2024
5,Aris Thessaloniki,Panathinaikos,Home,Against,0,1,17,3,10,8,19,18,2,3,0,Playoff-Playout Round 4,2024
6,Panathinaikos,Aris Thessaloniki,Away,For,0,1,17,3,10,8,19,18,2,3,0,Playoff-Playout Round 4,2024
7,Panathinaikos,Aris Thessaloniki,Away,Against,0,8,16,2,23,7,16,19,1,5,0,Playoff-Playout Round 4,2024
8,AEK Athens,PAOK,Home,For,0,3,13,6,9,4,35,15,1,3,2,Playoff-Playout Round 4,2024
9,AEK Athens,PAOK,Home,Against,0,6,16,6,9,9,16,19,2,4,1,Playoff-Playout Round 4,2024
10,PAOK,AEK Athens,Away,For,0,6,16,6,9,9,16,19,2,4,1,Playoff-Playout Round 4,2024
11,PAOK,AEK Athens,Away,Against,0,3,13,6,9,4,35,15,1,3,2,Playoff-Playout Round 4,2024
12,Panserraikos,OFI Crete,Home,For,0,1,14,3,9,5,21,13,1,4,0,Playoff-Playout Round 4,2024
13,Panserraikos,OFI Crete,Home,Against,0,6,12,4,14,5,16,8,3,6,1,Playoff-Playout Round 4,2024
14,OFI Crete,Panserraikos,Away,For,0,6,12,4,14,5,16,8,3,6,1,Playoff-Playout Round 4,2024
15,OFI Crete,Panserraikos,Away,Against,0,1,14,3,9,5,21,13,1,4,0,Playoff-Playout Round 4,2024
16,Volos NFC,Atromitos Athens,Home,For,0,7,21,3,13,3,22,16,0,8,0,Playoff-Playout Round 4,2024
17,Volos NFC,Atromitos Athens,Home,Against,0,2,21,5,12,3,20,17,2,5,2,Playoff-Playout Round 4,2024
18,Atromitos Athens,Volos NFC,Away,For,0,2,21,5,12,3,20,17,2,5,2,Playoff-Playout Round 4,2024
19,Atromitos Athens,Volos NFC,Away,Against,0,7,21,3,13,3,22,16,0,8,0,Playoff-Playout Round 4,2024
20,PAS Giannina,Asteras Tripolis,Home,For,0,10,13,4,15,5,27,12,2,1,3,Playoff-Playout Round 4,2024
21,PAS Giannina,Asteras Tripolis,Home,Against,0,6,21,5,9,13,29,8,1,3,1,Playoff-Playout Round 4,2024
22,Asteras Tripolis,PAS Giannina,Away,For,0,6,21,5,9,13,29,8,1,3,1,Playoff-Playout Round 4,2024
23,Asteras Tripolis,PAS Giannina,Away,Against,0,10,13,4,15,5,27,12,2,1,3,Playoff-Playout Round 4,2024
24,A.E. Kifisia FC,Panetolikos,Home,For,0,2,11,1,18,6,27,26,0,2,1,Playoff-Playout Round 4,2024
25,A.E. Kifisia FC,Panetolikos,Home,Against,0,6,22,3,11,10,31,16,0,3,3,Playoff-Playout Round 4,2024
26,Panetolikos,A.E. Kifisia FC,Away,For,0,6,22,3,11,10,31,16,0,3,3,Playoff-Playout Round 4,2024
27,Panetolikos,A.E. Kifisia FC,Away,Against,0,2,11,1,18,6,27,26,0,2,1,Playoff-Playout Round 4,2024
0,Panathinaikos,PAS Lamia 1964,Home,For,0,7,8,0,23,3,20,20,0,6,2,Playoff-Playout Round 5,2024
1,Panathinaikos,PAS Lamia 1964,Home,Against,0,1,17,5,6,11,19,15,1,1,1,Playoff-Playout Round 5,2024
2,PAS Lamia 1964,Panathinaikos,Away,For,0,1,17,5,6,11,19,15,1,1,1,Playoff-Playout Round 5,2024
3,PAS Lamia 1964,Panathinaikos,Away,Against,0,7,8,0,23,3,20,20,0,6,2,Playoff-Playout Round 5,2024
4,AEK Athens,Aris Thessaloniki,Home,For,0,4,21,2,15,3,21,13,1,7,1,Playoff-Playout Round 5,2024
5,AEK Athens,Aris Thessaloniki,Home,Against,0,2,17,5,5,10,16,14,2,2,1,Playoff-Playout Round 5,2024
6,Aris Thessaloniki,AEK Athens,Away,For,0,2,17,5,5,10,16,14,2,2,1,Playoff-Playout Round 5,2024
7,Aris Thessaloniki,AEK Athens,Away,Against,0,4,21,2,15,3,21,13,1,7,1,Playoff-Playout Round 5,2024
8,OFI Crete,Volos NFC,Home,For,0,3,11,1,14,9,22,18,1,8,0,Playoff-Playout Round 5,2024
9,OFI Crete,Volos NFC,Home,Against,0,3,6,1,7,5,23,10,1,4,3,Playoff-Playout Round 5,2024
10,Volos NFC,OFI Crete,Away,For,0,3,6,1,7,5,23,10,1,4,3,Playoff-Playout Round 5,2024
11,Volos NFC,OFI Crete,Away,Against,0,3,11,1,14,9,22,18,1,8,0,Playoff-Playout Round 5,2024
12,Asteras Tripolis,Panetolikos,Home,For,0,10,15,1,10,8,19,4,1,2,1,Playoff-Playout Round 5,2024
13,Asteras Tripolis,Panetolikos,Home,Against,0,6,8,1,14,11,14,10,0,7,3,Playoff-Playout Round 5,2024
14,Panetolikos,Asteras Tripolis,Away,For,0,6,8,1,14,11,14,10,0,7,3,Playoff-Playout Round 5,2024
15,Panetolikos,Asteras Tripolis,Away,Against,0,10,15,1,10,8,19,4,1,2,1,Playoff-Playout Round 5,2024
16,Atromitos Athens,A.E. Kifisia FC,Home,For,0,3,20,3,15,4,21,18,1,3,3,Playoff-Playout Round 5,2024
17,Atromitos Athens,A.E. Kifisia FC,Home,Against,0,5,15,6,15,8,22,8,2,8,2,Playoff-Playout Round 5,2024
18,A.E. Kifisia FC,Atromitos Athens,Away,For,0,5,15,6,15,8,22,8,2,8,2,Playoff-Playout Round 5,2024
19,A.E. Kifisia FC,Atromitos Athens,Away,Against,0,3,20,3,15,4,21,18,1,3,3,Playoff-Playout Round 5,2024
20,Panserraikos,PAS Giannina,Home,For,0,6,13,3,13,2,26,14,0,5,3,Playoff-Playout Round 5,2024
21,Panserraikos,PAS Giannina,Home,Against,0,4,20,3,12,5,19,9,2,3,0,Playoff-Playout Round 5,2024
22,PAS Giannina,Panserraikos,Away,For,0,4,20,3,12,5,19,9,2,3,0,Playoff-Playout Round 5,2024
23,PAS Giannina,Panserraikos,Away,Against,0,6,13,3,13,2,26,14,0,5,3,Playoff-Playout Round 5,2024
24,PAOK,Olympiacos FC,Home,For,0,3,9,3,10,3,26,14,0,2,4,Playoff-Playout Round 5,2024
25,PAOK,Olympiacos FC,Home,Against,0,3,12,4,13,5,28,13,0,3,2,Playoff-Playout Round 5,2024
26,Olympiacos FC,PAOK,Away,For,0,3,12,4,13,5,28,13,0,3,2,Playoff-Playout Round 5,2024
27,Olympiacos FC,PAOK,Away,Against,0,3,9,3,10,3,26,14,0,2,4,Playoff-Playout Round 5,2024
0,PAS Lamia 1964,Panathinaikos,Home,For,0,2,11,2,10,5,24,13,1,5,3,Playoff-Playout Round 6,2024
1,PAS Lamia 1964,Panathinaikos,Home,Against,0,4,18,2,18,8,28,16,1,8,2,Playoff-Playout Round 6,2024
2,Panathinaikos,PAS Lamia 1964,Away,For,0,4,18,2,18,8,28,16,1,8,2,Playoff-Playout Round 6,2024
3,Panathinaikos,PAS Lamia 1964,Away,Against,0,2,11,2,10,5,24,13,1,5,3,Playoff-Playout Round 6,2024
4,Aris Thessaloniki,AEK Athens,Home,For,0,2,14,6,9,14,13,24,3,3,0,Playoff-Playout Round 6,2024
5,Aris Thessaloniki,AEK Athens,Home,Against,0,9,17,2,28,3,23,16,1,12,3,Playoff-Playout Round 6,2024
6,AEK Athens,Aris Thessaloniki,Away,For,0,9,17,2,28,3,23,16,1,12,3,Playoff-Playout Round 6,2024
7,AEK Athens,Aris Thessaloniki,Away,Against,0,2,14,6,9,14,13,24,3,3,0,Playoff-Playout Round 6,2024
8,Olympiacos FC,PAOK,Home,For,0,2,17,1,9,7,23,10,1,4,4,Playoff-Playout Round 6,2024
9,Olympiacos FC,PAOK,Home,Against,0,3,7,5,7,6,26,8,1,1,2,Playoff-Playout Round 6,2024
10,PAOK,Olympiacos FC,Away,For,0,3,7,5,7,6,26,8,1,1,2,Playoff-Playout Round 6,2024
11,PAOK,Olympiacos FC,Away,Against,0,2,17,1,9,7,23,10,1,4,4,Playoff-Playout Round 6,2024
12,A.E. Kifisia FC,PAS Giannina,Home,For,0,8,17,3,17,9,24,13,2,6,2,Playoff-Playout Round 6,2024
13,A.E. Kifisia FC,PAS Giannina,Home,Against,0,4,20,5,14,4,22,17,3,5,0,Playoff-Playout Round 6,2024
14,PAS Giannina,A.E. Kifisia FC,Away,For,0,4,20,5,14,4,22,17,3,5,0,Playoff-Playout Round 6,2024
15,PAS Giannina,A.E. Kifisia FC,Away,Against,0,8,17,3,17,9,24,13,2,6,2,Playoff-Playout Round 6,2024
16,Asteras Tripolis,OFI Crete,Home,For,0,4,12,1,8,7,16,7,1,4,0,Playoff-Playout Round 6,2024
17,Asteras Tripolis,OFI Crete,Home,Against,0,2,8,0,13,5,11,6,0,2,4,Playoff-Playout Round 6,2024
18,OFI Crete,Asteras Tripolis,Away,For,0,2,8,0,13,5,11,6,0,2,4,Playoff-Playout Round 6,2024
19,OFI Crete,Asteras Tripolis,Away,Against,0,4,12,1,8,7,16,7,1,4,0,Playoff-Playout Round 6,2024
20,Panetolikos,Atromitos Athens,Home,For,1,3,14,5,11,5,24,15,2,4,0,Playoff-Playout Round 6,2024
21,Panetolikos,Atromitos Athens,Home,Against,1,6,10,6,15,8,15,16,2,6,5,Playoff-Playout Round 6,2024
22,Atromitos Athens,Panetolikos,Away,For,1,6,10,6,15,8,15,16,2,6,5,Playoff-Playout Round 6,2024
23,Atromitos Athens,Panetolikos,Away,Against,1,3,14,5,11,5,24,15,2,4,0,Playoff-Playout Round 6,2024
24,Volos NFC,Panserraikos,Home,For,0,5,20,6,14,9,23,9,1,5,0,Playoff-Playout Round 6,2024
25,Volos NFC,Panserraikos,Home,Against,1,4,21,1,13,8,17,12,1,3,0,Playoff-Playout Round 6,2024
26,Panserraikos,Volos NFC,Away,For,1,4,21,1,13,8,17,12,1,3,0,Playoff-Playout Round 6,2024
27,Panserraikos,Volos NFC,Away,Against,0,5,20,6,14,9,23,9,1,5,0,Playoff-Playout Round 6,2024
0,PAS Lamia 1964,PAOK,Home,For,2,2,16,6,9,10,18,16,1,2,2,Playoff-Playout Round 7,2024
1,PAS Lamia 1964,PAOK,Home,Against,0,8,14,0,15,7,29,11,0,4,3,Playoff-Playout Round 7,2024
2,PAOK,PAS Lamia 1964,Away,For,0,8,14,0,15,7,29,11,0,4,3,Playoff-Playout Round 7,2024
3,PAOK,PAS Lamia 1964,Away,Against,2,2,16,6,9,10,18,16,1,2,2,Playoff-Playout Round 7,2024
4,Aris Thessaloniki,Olympiacos FC,Home,For,0,3,9,1,16,8,9,9,0,5,3,Playoff-Playout Round 7,2024
5,Aris Thessaloniki,Olympiacos FC,Home,Against,0,11,18,1,23,4,20,14,1,9,1,Playoff-Playout Round 7,2024
6,Olympiacos FC,Aris Thessaloniki,Away,For,0,11,18,1,23,4,20,14,1,9,1,Playoff-Playout Round 7,2024
7,Olympiacos FC,Aris Thessaloniki,Away,Against,0,3,9,1,16,8,9,9,0,5,3,Playoff-Playout Round 7,2024
8,AEK Athens,Panathinaikos,Home,For,0,4,22,0,17,5,21,21,0,8,1,Playoff-Playout Round 7,2024
9,AEK Athens,Panathinaikos,Home,Against,0,2,15,2,7,5,20,13,0,2,0,Playoff-Playout Round 7,2024
10,Panathinaikos,AEK Athens,Away,For,0,2,15,2,7,5,20,13,0,2,0,Playoff-Playout Round 7,2024
11,Panathinaikos,AEK Athens,Away,Against,0,4,22,0,17,5,21,21,0,8,1,Playoff-Playout Round 7,2024
12,Atromitos Athens,Asteras Tripolis,Home,For,0,1,13,0,7,7,22,9,0,0,5,Playoff-Playout Round 7,2024
13,Atromitos Athens,Asteras Tripolis,Home,Against,0,4,19,2,12,6,15,10,1,4,1,Playoff-Playout Round 7,2024
14,Asteras Tripolis,Atromitos Athens,Away,For,0,4,19,2,12,6,15,10,1,4,1,Playoff-Playout Round 7,2024
15,Asteras Tripolis,Atromitos Athens,Away,Against,0,1,13,0,7,7,22,9,0,0,5,Playoff-Playout Round 7,2024
16,OFI Crete,Panetolikos,Home,For,0,3,14,1,15,4,13,15,0,5,3,Playoff-Playout Round 7,2024
17,OFI Crete,Panetolikos,Home,Against,0,3,8,1,10,10,10,13,1,4,2,Playoff-Playout Round 7,2024
18,Panetolikos,OFI Crete,Away,For,0,3,8,1,10,10,10,13,1,4,2,Playoff-Playout Round 7,2024
19,Panetolikos,OFI Crete,Away,Against,0,3,14,1,15,4,13,15,0,5,3,Playoff-Playout Round 7,2024
20,Panserraikos,A.E. Kifisia FC,Home,For,0,7,16,2,12,6,16,17,0,4,2,Playoff-Playout Round 7,2024
21,Panserraikos,A.E. Kifisia FC,Home,Against,0,5,12,2,15,9,19,20,0,6,0,Playoff-Playout Round 7,2024
22,A.E. Kifisia FC,Panserraikos,Away,For,0,5,12,2,15,9,19,20,0,6,0,Playoff-Playout Round 7,2024
23,A.E. Kifisia FC,Panserraikos,Away,Against,0,7,16,2,12,6,16,17,0,4,2,Playoff-Playout Round 7,2024
24,PAS Giannina,Volos NFC,Home,For,0,6,13,0,15,7,27,16,0,6,1,Playoff-Playout Round 7,2024
25,PAS Giannina,Volos NFC,Home,Against,0,2,9,0,8,13,26,27,0,4,0,Playoff-Playout Round 7,2024
26,Volos NFC,PAS Giannina,Away,For,0,2,9,0,8,13,26,27,0,4,0,Playoff-Playout Round 7,2024
27,Volos NFC,PAS Giannina,Away,Against,0,6,13,0,15,7,27,16,0,6,1,Playoff-Playout Round 7,2024
0,Olympiacos FC,PAS Lamia 1964,Home,For,0,6,12,1,17,5,25,18,0,10,2,Playoff-Playout Round 8,2024
1,Olympiacos FC,PAS Lamia 1964,Home,Against,0,3,10,1,11,8,21,22,0,4,1,Playoff-Playout Round 8,2024
2,PAS Lamia 1964,Olympiacos FC,Away,For,0,3,10,1,11,8,21,22,0,4,1,Playoff-Playout Round 8,2024
3,PAS Lamia 1964,Olympiacos FC,Away,Against,0,6,12,1,17,5,25,18,0,10,2,Playoff-Playout Round 8,2024
4,PAOK,AEK Athens,Home,For,0,13,16,4,8,4,15,14,3,5,0,Playoff-Playout Round 8,2024
5,PAOK,AEK Athens,Home,Against,0,4,17,3,9,5,33,9,1,4,2,Playoff-Playout Round 8,2024
6,AEK Athens,PAOK,Away,For,0,4,17,3,9,5,33,9,1,4,2,Playoff-Playout Round 8,2024
7,AEK Athens,PAOK,Away,Against,0,13,16,4,8,4,15,14,3,5,0,Playoff-Playout Round 8,2024
8,Panathinaikos,Aris Thessaloniki,Home,For,0,9,14,5,26,3,29,23,0,6,1,Playoff-Playout Round 8,2024
9,Panathinaikos,Aris Thessaloniki,Home,Against,0,1,14,6,7,14,17,25,0,2,2,Playoff-Playout Round 8,2024
10,Aris Thessaloniki,Panathinaikos,Away,For,0,1,14,6,7,14,17,25,0,2,2,Playoff-Playout Round 8,2024
11,Aris Thessaloniki,Panathinaikos,Away,Against,0,9,14,5,26,3,29,23,0,6,1,Playoff-Playout Round 8,2024
0,PAS Lamia 1964,Aris Thessaloniki,Home,For,0,3,15,3,10,9,15,7,2,5,1,Playoff-Playout Round 9,2024
1,PAS Lamia 1964,Aris Thessaloniki,Home,Against,0,2,19,4,11,7,10,11,2,5,1,Playoff-Playout Round 9,2024
2,Aris Thessaloniki,PAS Lamia 1964,Away,For,0,2,19,4,11,7,10,11,2,5,1,Playoff-Playout Round 9,2024
3,Aris Thessaloniki,PAS Lamia 1964,Away,Against,0,3,15,3,10,9,15,7,2,5,1,Playoff-Playout Round 9,2024
4,Olympiacos FC,AEK Athens,Home,For,0,7,10,2,19,7,25,16,0,6,4,Playoff-Playout Round 9,2024
5,Olympiacos FC,AEK Athens,Home,Against,0,2,11,0,11,7,22,18,0,4,2,Playoff-Playout Round 9,2024
6,AEK Athens,Olympiacos FC,Away,For,0,2,11,0,11,7,22,18,0,4,2,Playoff-Playout Round 9,2024
7,AEK Athens,Olympiacos FC,Away,Against,0,7,10,2,19,7,25,16,0,6,4,Playoff-Playout Round 9,2024
8,PAOK,Panathinaikos,Home,For,0,4,18,2,11,2,18,9,0,6,1,Playoff-Playout Round 9,2024
9,PAOK,Panathinaikos,Home,Against,0,2,12,3,6,4,20,14,0,3,0,Playoff-Playout Round 9,2024
10,Panathinaikos,PAOK,Away,For,0,2,12,3,6,4,20,14,0,3,0,Playoff-Playout Round 9,2024
11,Panathinaikos,PAOK,Away,Against,0,4,18,2,11,2,18,9,0,6,1,Playoff-Playout Round 9,2024
